template_id,day_index,day_name,day_focus,exercise_order,exercise_id,exercise_name,movement_pattern,primary_muscles,equipment,role,sets,reps_min,reps_max,target_rir,rest_seconds,required,notes
forge_general_fitness_beginner_gym_3d_v1,1,Full Body A,Temel,1,goblet_squat,Goblet Squat,squat,quads,dumbbell,secondary_compound,3,8,12,3,120,false,
forge_general_fitness_beginner_gym_3d_v1,1,Full Body A,Temel,2,machine_chest_press,Machine Chest Press,horizontal_push,"chest,triceps",machine,secondary_compound,3,8,12,3,120,false,
forge_general_fitness_beginner_gym_3d_v1,1,Full Body A,Temel,3,lat_pulldown,Lat Pulldown,vertical_pull,"lats,biceps",cable,secondary_compound,3,8,12,3,120,false,
forge_general_fitness_beginner_gym_3d_v1,1,Full Body A,Temel,4,dumbbell_rdl,Dumbbell Romanian Deadlift,hinge,"hamstrings,glutes",dumbbell,secondary_compound,2,10,12,3,120,false,
forge_general_fitness_beginner_gym_3d_v1,1,Full Body A,Temel,5,farmer_carry,Farmer Carry,loaded_carry,"grip,core",dumbbell_or_kettlebell,conditioning,3,30,45,3,75,false,metre veya saniye
forge_general_fitness_beginner_gym_3d_v1,2,Full Body B,Temel,1,leg_press,Leg Press,squat,quads,machine,secondary_compound,3,10,15,3,120,false,
forge_general_fitness_beginner_gym_3d_v1,2,Full Body B,Temel,2,dumbbell_shoulder_press,Dumbbell Shoulder Press,vertical_push,"front_delts,triceps","dumbbell,bench",secondary_compound,3,8,12,3,120,false,
forge_general_fitness_beginner_gym_3d_v1,2,Full Body B,Temel,3,seated_cable_row,Seated Cable Row,horizontal_pull,"upper_back,lats,biceps",cable,secondary_compound,3,8,12,3,120,false,
forge_general_fitness_beginner_gym_3d_v1,2,Full Body B,Temel,4,hip_thrust,Barbell Hip Thrust,hinge,glutes,"barbell,bench",secondary_compound,2,10,15,3,120,false,
forge_general_fitness_beginner_gym_3d_v1,2,Full Body B,Temel,5,pallof_press,Pallof Press,anti_rotation,core,cable_or_band,core,3,10,15,3,60,false,
forge_general_fitness_beginner_gym_3d_v1,3,Full Body C,Temel,1,reverse_lunge,Reverse Lunge,lunge,"quads,glutes",dumbbell,accessory_compound,3,8,12,3,120,false,
forge_general_fitness_beginner_gym_3d_v1,3,Full Body C,Temel,2,dumbbell_bench_press,Dumbbell Bench Press,horizontal_push,"chest,triceps","dumbbell,bench",secondary_compound,3,8,12,3,120,false,
forge_general_fitness_beginner_gym_3d_v1,3,Full Body C,Temel,3,neutral_grip_pulldown,Neutral-Grip Pulldown,vertical_pull,"lats,biceps",cable,secondary_compound,3,8,12,3,120,false,
forge_general_fitness_beginner_gym_3d_v1,3,Full Body C,Temel,4,leg_curl,Leg Curl,knee_flexion,hamstrings,machine,isolation,2,10,15,3,90,false,
forge_general_fitness_beginner_gym_3d_v1,3,Full Body C,Temel,5,incline_walk,Incline Treadmill Walk,conditioning,cardio,treadmill,conditioning,1,10,20,3,60,false,dakika
forge_general_fitness_beginner_gym_4d_v1,1,Upper A,Üst Vücut,1,machine_chest_press,Machine Chest Press,horizontal_push,"chest,triceps",machine,secondary_compound,3,8,12,3,120,false,
forge_general_fitness_beginner_gym_4d_v1,1,Upper A,Üst Vücut,2,lat_pulldown,Lat Pulldown,vertical_pull,"lats,biceps",cable,secondary_compound,3,8,12,3,120,false,
forge_general_fitness_beginner_gym_4d_v1,1,Upper A,Üst Vücut,3,dumbbell_shoulder_press,Dumbbell Shoulder Press,vertical_push,"front_delts,triceps","dumbbell,bench",secondary_compound,2,8,12,3,120,false,
forge_general_fitness_beginner_gym_4d_v1,1,Upper A,Üst Vücut,4,seated_cable_row,Seated Cable Row,horizontal_pull,"upper_back,lats,biceps",cable,secondary_compound,2,10,15,3,120,false,
forge_general_fitness_beginner_gym_4d_v1,1,Upper A,Üst Vücut,5,plank,Plank,anti_extension,core,bodyweight,core,3,30,45,3,60,false,saniye
forge_general_fitness_beginner_gym_4d_v1,2,Lower A,Alt Vücut,1,leg_press,Leg Press,squat,quads,machine,secondary_compound,3,8,12,3,120,false,
forge_general_fitness_beginner_gym_4d_v1,2,Lower A,Alt Vücut,2,dumbbell_rdl,Dumbbell Romanian Deadlift,hinge,"hamstrings,glutes",dumbbell,secondary_compound,3,8,12,3,120,false,
forge_general_fitness_beginner_gym_4d_v1,2,Lower A,Alt Vücut,3,reverse_lunge,Reverse Lunge,lunge,"quads,glutes",dumbbell,accessory_compound,2,8,12,3,120,false,
forge_general_fitness_beginner_gym_4d_v1,2,Lower A,Alt Vücut,4,standing_calf_raise,Standing Calf Raise,calf_raise,calves,machine,isolation,3,10,15,2,75,false,
forge_general_fitness_beginner_gym_4d_v1,3,Upper B,Üst Vücut,1,dumbbell_bench_press,Dumbbell Bench Press,horizontal_push,"chest,triceps","dumbbell,bench",secondary_compound,3,8,12,3,120,false,
forge_general_fitness_beginner_gym_4d_v1,3,Upper B,Üst Vücut,2,chest_supported_row,Chest-Supported Row,horizontal_pull,"upper_back,lats,biceps",machine_or_dumbbell,secondary_compound,3,8,12,3,120,false,
forge_general_fitness_beginner_gym_4d_v1,3,Upper B,Üst Vücut,3,assisted_pull_up,Assisted Pull-Up,vertical_pull,"lats,biceps",assisted_machine,secondary_compound,2,6,10,3,120,false,
forge_general_fitness_beginner_gym_4d_v1,3,Upper B,Üst Vücut,4,lateral_raise,Dumbbell Lateral Raise,shoulder_abduction,side_delts,dumbbell,isolation,2,12,18,2,75,false,
forge_general_fitness_beginner_gym_4d_v1,3,Upper B,Üst Vücut,5,pallof_press,Pallof Press,anti_rotation,core,cable_or_band,core,3,10,15,3,60,false,
forge_general_fitness_beginner_gym_4d_v1,4,Lower B,Alt Vücut,1,goblet_squat,Goblet Squat,squat,quads,dumbbell,secondary_compound,3,10,15,3,120,false,
forge_general_fitness_beginner_gym_4d_v1,4,Lower B,Alt Vücut,2,hip_thrust,Barbell Hip Thrust,hinge,glutes,"barbell,bench",secondary_compound,3,8,12,3,120,false,
forge_general_fitness_beginner_gym_4d_v1,4,Lower B,Alt Vücut,3,leg_curl,Leg Curl,knee_flexion,hamstrings,machine,isolation,2,10,15,3,90,false,
forge_general_fitness_beginner_gym_4d_v1,4,Lower B,Alt Vücut,4,step_up,Step Up,lunge,"quads,glutes","dumbbell,bench",accessory_compound,2,8,12,3,120,false,
forge_general_fitness_beginner_gym_4d_v1,4,Lower B,Alt Vücut,5,incline_walk,Incline Treadmill Walk,conditioning,cardio,treadmill,conditioning,1,10,15,3,60,false,dakika
forge_general_fitness_dumbbell_beginner_3d_v1,1,Dumbbell A,Full Body,1,goblet_squat,Goblet Squat,squat,quads,dumbbell,secondary_compound,3,8,12,3,120,false,
forge_general_fitness_dumbbell_beginner_3d_v1,1,Dumbbell A,Full Body,2,dumbbell_bench_press,Dumbbell Bench Press,horizontal_push,"chest,triceps","dumbbell,bench",secondary_compound,3,8,12,3,120,false,
forge_general_fitness_dumbbell_beginner_3d_v1,1,Dumbbell A,Full Body,3,one_arm_dumbbell_row,One-Arm Dumbbell Row,horizontal_pull,"lats,upper_back,biceps","dumbbell,bench",secondary_compound,3,8,12,3,120,false,
forge_general_fitness_dumbbell_beginner_3d_v1,1,Dumbbell A,Full Body,4,dumbbell_rdl,Dumbbell Romanian Deadlift,hinge,"hamstrings,glutes",dumbbell,secondary_compound,3,8,12,3,120,false,
forge_general_fitness_dumbbell_beginner_3d_v1,1,Dumbbell A,Full Body,5,lateral_raise,Dumbbell Lateral Raise,shoulder_abduction,side_delts,dumbbell,isolation,2,12,18,2,75,false,
forge_general_fitness_dumbbell_beginner_3d_v1,2,Dumbbell B,Full Body,1,bulgarian_split_squat,Bulgarian Split Squat,lunge,"quads,glutes","dumbbell,bench",accessory_compound,3,8,12,3,120,false,
forge_general_fitness_dumbbell_beginner_3d_v1,2,Dumbbell B,Full Body,2,dumbbell_shoulder_press,Dumbbell Shoulder Press,vertical_push,"front_delts,triceps","dumbbell,bench",secondary_compound,3,8,12,3,120,false,
forge_general_fitness_dumbbell_beginner_3d_v1,2,Dumbbell B,Full Body,3,one_arm_dumbbell_row,One-Arm Dumbbell Row,horizontal_pull,"lats,upper_back,biceps","dumbbell,bench",secondary_compound,3,10,15,3,120,false,
forge_general_fitness_dumbbell_beginner_3d_v1,2,Dumbbell B,Full Body,4,single_leg_glute_bridge,Single-Leg Glute Bridge,hinge,"glutes,hamstrings",bodyweight,accessory_compound,3,10,15,3,90,false,
forge_general_fitness_dumbbell_beginner_3d_v1,2,Dumbbell B,Full Body,5,dead_bug,Dead Bug,anti_extension,core,bodyweight,core,3,8,12,3,60,false,
forge_general_fitness_dumbbell_beginner_3d_v1,3,Dumbbell C,Full Body,1,incline_dumbbell_press,Incline Dumbbell Press,incline_push,"upper_chest,triceps,front_delts","dumbbell,incline_bench",secondary_compound,3,8,12,3,120,false,
forge_general_fitness_dumbbell_beginner_3d_v1,3,Dumbbell C,Full Body,2,dumbbell_rdl,Dumbbell Romanian Deadlift,hinge,"hamstrings,glutes",dumbbell,secondary_compound,3,10,15,3,120,false,
forge_general_fitness_dumbbell_beginner_3d_v1,3,Dumbbell C,Full Body,3,reverse_lunge,Reverse Lunge,lunge,"quads,glutes",dumbbell,accessory_compound,3,8,12,3,120,false,
forge_general_fitness_dumbbell_beginner_3d_v1,3,Dumbbell C,Full Body,4,one_arm_dumbbell_row,One-Arm Dumbbell Row,horizontal_pull,"upper_back,lats,biceps","dumbbell,bench",accessory_compound,3,8,12,2,90,false,Added to restore full-body pulling balance.
forge_general_fitness_dumbbell_beginner_3d_v1,3,Dumbbell C,Full Body,5,overhead_triceps_extension,Overhead Triceps Extension,elbow_extension,triceps,cable_or_dumbbell,isolation,2,10,15,2,75,false,
forge_general_fitness_dumbbell_beginner_3d_v1,3,Dumbbell C,Full Body,6,farmer_carry,Farmer Carry,loaded_carry,"grip,core",dumbbell_or_kettlebell,conditioning,3,30,45,3,75,false,metre veya saniye
forge_general_fitness_intermediate_3d_v1,1,Strength Base,Squat/Push/Pull,1,back_squat,Back Squat,squat,quads,"barbell,rack",main_lift,3,5,8,3,180,false,
forge_general_fitness_intermediate_3d_v1,1,Strength Base,Squat/Push/Pull,2,dumbbell_bench_press,Dumbbell Bench Press,horizontal_push,"chest,triceps","dumbbell,bench",secondary_compound,3,8,12,2,120,false,
forge_general_fitness_intermediate_3d_v1,1,Strength Base,Squat/Push/Pull,3,pull_up,Pull-Up,vertical_pull,"lats,biceps",pullup_bar,secondary_compound,3,6,10,2,150,false,
forge_general_fitness_intermediate_3d_v1,1,Strength Base,Squat/Push/Pull,4,romanian_deadlift,Romanian Deadlift,hinge,"hamstrings,glutes",barbell,secondary_compound,3,8,10,2,150,false,
forge_general_fitness_intermediate_3d_v1,1,Strength Base,Squat/Push/Pull,5,farmer_carry,Farmer Carry,loaded_carry,"grip,core",dumbbell_or_kettlebell,conditioning,4,30,45,2,75,false,metre veya saniye
forge_general_fitness_intermediate_3d_v1,2,Unilateral + Core,Tek Taraflı,1,bulgarian_split_squat,Bulgarian Split Squat,lunge,"quads,glutes","dumbbell,bench",accessory_compound,3,8,12,2,120,false,
forge_general_fitness_intermediate_3d_v1,2,Unilateral + Core,Tek Taraflı,2,overhead_press,Barbell Overhead Press,vertical_push,"front_delts,triceps","barbell,rack",main_lift,3,6,10,3,150,false,
forge_general_fitness_intermediate_3d_v1,2,Unilateral + Core,Tek Taraflı,3,seated_cable_row,Seated Cable Row,horizontal_pull,"upper_back,lats,biceps",cable,secondary_compound,3,8,12,2,120,false,
forge_general_fitness_intermediate_3d_v1,2,Unilateral + Core,Tek Taraflı,4,hip_thrust,Barbell Hip Thrust,hinge,glutes,"barbell,bench",secondary_compound,3,8,12,2,150,false,
forge_general_fitness_intermediate_3d_v1,2,Unilateral + Core,Tek Taraflı,5,pallof_press,Pallof Press,anti_rotation,core,cable_or_band,core,3,10,15,2,60,false,
forge_general_fitness_intermediate_3d_v1,2,Unilateral + Core,Tek Taraflı,6,bike_intervals,Stationary Bike Intervals,conditioning,cardio,stationary_bike,conditioning,1,8,12,3,60,false,dakika
forge_general_fitness_intermediate_3d_v1,3,Mixed,Full Body,1,trap_bar_deadlift,Trap Bar Deadlift,hinge,"glutes,quads,hamstrings",trap_bar,main_lift,3,4,6,3,180,false,
forge_general_fitness_intermediate_3d_v1,3,Mixed,Full Body,2,incline_dumbbell_press,Incline Dumbbell Press,incline_push,"upper_chest,triceps,front_delts","dumbbell,incline_bench",secondary_compound,3,8,12,2,120,false,
forge_general_fitness_intermediate_3d_v1,3,Mixed,Full Body,3,lat_pulldown,Lat Pulldown,vertical_pull,"lats,biceps",cable,secondary_compound,3,8,12,2,120,false,
forge_general_fitness_intermediate_3d_v1,3,Mixed,Full Body,4,step_up,Step Up,lunge,"quads,glutes","dumbbell,bench",accessory_compound,3,8,12,2,120,false,
forge_general_fitness_intermediate_3d_v1,3,Mixed,Full Body,5,ab_wheel,Ab Wheel Rollout,anti_extension,core,ab_wheel,core,3,6,12,2,75,false,
forge_general_fitness_intermediate_3d_v1,3,Mixed,Full Body,6,incline_walk,Incline Treadmill Walk,conditioning,cardio,treadmill,conditioning,1,10,15,3,60,false,dakika
forge_general_fitness_intermediate_4d_v1,1,Upper A,Upper,1,bench_press,Barbell Bench Press,horizontal_push,"chest,triceps,front_delts","barbell,bench,rack",main_lift,3,5,8,3,150,false,
forge_general_fitness_intermediate_4d_v1,1,Upper A,Upper,2,barbell_row,Barbell Row,horizontal_pull,"upper_back,lats,biceps",barbell,secondary_compound,3,6,10,3,150,false,
forge_general_fitness_intermediate_4d_v1,1,Upper A,Upper,3,overhead_press,Barbell Overhead Press,vertical_push,"front_delts,triceps","barbell,rack",main_lift,2,8,10,3,120,false,
forge_general_fitness_intermediate_4d_v1,1,Upper A,Upper,4,lat_pulldown,Lat Pulldown,vertical_pull,"lats,biceps",cable,secondary_compound,3,8,12,2,120,false,
forge_general_fitness_intermediate_4d_v1,1,Upper A,Upper,5,farmer_carry,Farmer Carry,loaded_carry,"grip,core",dumbbell_or_kettlebell,conditioning,3,30,45,2,75,false,metre veya saniye
forge_general_fitness_intermediate_4d_v1,2,Lower A,Lower,1,back_squat,Back Squat,squat,quads,"barbell,rack",main_lift,3,5,8,3,180,false,
forge_general_fitness_intermediate_4d_v1,2,Lower A,Lower,2,romanian_deadlift,Romanian Deadlift,hinge,"hamstrings,glutes",barbell,secondary_compound,3,8,10,3,150,false,
forge_general_fitness_intermediate_4d_v1,2,Lower A,Lower,3,reverse_lunge,Reverse Lunge,lunge,"quads,glutes",dumbbell,accessory_compound,3,8,12,2,120,false,
forge_general_fitness_intermediate_4d_v1,2,Lower A,Lower,4,standing_calf_raise,Standing Calf Raise,calf_raise,calves,machine,isolation,3,10,15,2,75,false,
forge_general_fitness_intermediate_4d_v1,2,Lower A,Lower,5,plank,Plank,anti_extension,core,bodyweight,core,3,30,60,2,60,false,saniye
forge_general_fitness_intermediate_4d_v1,3,Upper B,Upper,1,incline_dumbbell_press,Incline Dumbbell Press,incline_push,"upper_chest,triceps,front_delts","dumbbell,incline_bench",secondary_compound,3,8,12,2,120,false,
forge_general_fitness_intermediate_4d_v1,3,Upper B,Upper,2,pull_up,Pull-Up,vertical_pull,"lats,biceps",pullup_bar,secondary_compound,3,6,10,2,150,false,
forge_general_fitness_intermediate_4d_v1,3,Upper B,Upper,3,chest_supported_row,Chest-Supported Row,horizontal_pull,"upper_back,lats,biceps",machine_or_dumbbell,secondary_compound,3,8,12,2,120,false,
forge_general_fitness_intermediate_4d_v1,3,Upper B,Upper,4,lateral_raise,Dumbbell Lateral Raise,shoulder_abduction,side_delts,dumbbell,isolation,3,12,18,2,75,false,
forge_general_fitness_intermediate_4d_v1,3,Upper B,Upper,5,bike_intervals,Stationary Bike Intervals,conditioning,cardio,stationary_bike,conditioning,1,8,12,3,60,false,dakika
forge_general_fitness_intermediate_4d_v1,4,Lower B,Lower,1,trap_bar_deadlift,Trap Bar Deadlift,hinge,"glutes,quads,hamstrings",trap_bar,main_lift,3,4,6,3,180,false,
forge_general_fitness_intermediate_4d_v1,4,Lower B,Lower,2,goblet_squat,Goblet Squat,squat,quads,dumbbell,secondary_compound,3,10,15,2,120,false,
forge_general_fitness_intermediate_4d_v1,4,Lower B,Lower,3,hip_thrust,Barbell Hip Thrust,hinge,glutes,"barbell,bench",secondary_compound,3,8,12,2,150,false,
forge_general_fitness_intermediate_4d_v1,4,Lower B,Lower,4,leg_curl,Leg Curl,knee_flexion,hamstrings,machine,isolation,3,10,15,2,90,false,
forge_general_fitness_intermediate_4d_v1,4,Lower B,Lower,5,pallof_press,Pallof Press,anti_rotation,core,cable_or_band,core,3,10,15,2,60,false,
forge_home_band_beginner_3d_v1,1,Band A,Full Body,1,bodyweight_squat,Bodyweight Squat,squat,"quads,glutes",bodyweight,secondary_compound,4,12,20,2,75,false,
forge_home_band_beginner_3d_v1,1,Band A,Full Body,2,push_up,Push-Up,horizontal_push,"chest,triceps",bodyweight,accessory_compound,4,6,15,2,90,false,
forge_home_band_beginner_3d_v1,1,Band A,Full Body,3,band_row,Resistance-Band Row,horizontal_pull,"upper_back,lats,biceps",resistance_band,accessory_compound,4,10,20,2,90,false,
forge_home_band_beginner_3d_v1,1,Band A,Full Body,4,single_leg_glute_bridge,Single-Leg Glute Bridge,hinge,"glutes,hamstrings",bodyweight,accessory_compound,3,10,20,2,75,false,
forge_home_band_beginner_3d_v1,1,Band A,Full Body,5,dead_bug,Dead Bug,anti_extension,core,bodyweight,core,3,8,15,2,60,false,
forge_home_band_beginner_3d_v1,2,Band B,Full Body,1,split_squat,Split Squat,lunge,"quads,glutes",bodyweight,accessory_compound,3,8,15,2,90,false,
forge_home_band_beginner_3d_v1,2,Band B,Full Body,2,pike_push_up,Pike Push-Up,vertical_push,"front_delts,triceps",bodyweight,accessory_compound,3,6,12,2,90,false,
forge_home_band_beginner_3d_v1,2,Band B,Full Body,3,band_pulldown,Resistance-Band Pulldown,vertical_pull,"lats,biceps",resistance_band,accessory_compound,4,10,20,2,90,false,
forge_home_band_beginner_3d_v1,2,Band B,Full Body,4,single_leg_glute_bridge,Single-Leg Glute Bridge,hinge,"glutes,hamstrings",bodyweight,accessory_compound,4,10,20,2,75,false,
forge_home_band_beginner_3d_v1,2,Band B,Full Body,5,plank,Plank,anti_extension,core,bodyweight,core,3,30,60,2,60,false,saniye
forge_home_band_beginner_3d_v1,3,Band C,Full Body,1,reverse_lunge,Reverse Lunge,lunge,"quads,glutes",dumbbell,accessory_compound,4,8,15,2,90,false,
forge_home_band_beginner_3d_v1,3,Band C,Full Body,2,push_up,Push-Up,horizontal_push,"chest,triceps",bodyweight,accessory_compound,4,6,15,2,90,false,
forge_home_band_beginner_3d_v1,3,Band C,Full Body,3,band_row,Resistance-Band Row,horizontal_pull,"upper_back,lats,biceps",resistance_band,accessory_compound,4,10,20,2,90,false,
forge_home_band_beginner_3d_v1,3,Band C,Full Body,4,band_pulldown,Resistance-Band Pulldown,vertical_pull,"lats,biceps",resistance_band,accessory_compound,3,10,20,2,90,false,
forge_home_band_beginner_3d_v1,3,Band C,Full Body,5,pallof_press,Pallof Press,anti_rotation,core,cable_or_band,core,3,10,15,2,60,false,
forge_home_bodyweight_beginner_3d_v1,1,Home A,Full Body,1,bodyweight_squat,Bodyweight Squat,squat,"quads,glutes",bodyweight,secondary_compound,4,12,20,2,75,false,
forge_home_bodyweight_beginner_3d_v1,1,Home A,Full Body,2,push_up,Push-Up,horizontal_push,"chest,triceps",bodyweight,accessory_compound,4,6,15,2,90,false,
forge_home_bodyweight_beginner_3d_v1,1,Home A,Full Body,3,band_row,Resistance-Band Row,horizontal_pull,"upper_back,lats,biceps",resistance_band,accessory_compound,3,10,15,2,75,false,Added to restore realistic home pulling exposure with a band.
forge_home_bodyweight_beginner_3d_v1,1,Home A,Full Body,4,single_leg_glute_bridge,Single-Leg Glute Bridge,hinge,"glutes,hamstrings",bodyweight,accessory_compound,3,10,20,2,75,false,
forge_home_bodyweight_beginner_3d_v1,1,Home A,Full Body,5,plank,Plank,anti_extension,core,bodyweight,core,3,30,60,2,60,false,saniye
forge_home_bodyweight_beginner_3d_v1,2,Home B,Full Body,1,reverse_lunge,Reverse Lunge,lunge,"quads,glutes",dumbbell,accessory_compound,4,8,15,2,90,false,
forge_home_bodyweight_beginner_3d_v1,2,Home B,Full Body,2,pike_push_up,Pike Push-Up,vertical_push,"front_delts,triceps",bodyweight,accessory_compound,3,6,12,2,90,false,
forge_home_bodyweight_beginner_3d_v1,2,Home B,Full Body,3,single_leg_glute_bridge,Single-Leg Glute Bridge,hinge,"glutes,hamstrings",bodyweight,accessory_compound,4,10,20,2,75,false,
forge_home_bodyweight_beginner_3d_v1,2,Home B,Full Body,4,dead_bug,Dead Bug,anti_extension,core,bodyweight,core,3,8,15,2,60,false,
forge_home_bodyweight_beginner_3d_v1,2,Home B,Full Body,5,band_row,Resistance-Band Row,horizontal_pull,"upper_back,lats,biceps",resistance_band,accessory_compound,3,10,15,2,75,false,Replaced duplicate push-up with pulling work for home balance.
forge_home_bodyweight_beginner_3d_v1,3,Home C,Full Body,1,bodyweight_squat,Bodyweight Squat,squat,"quads,glutes",bodyweight,secondary_compound,4,15,25,2,75,false,
forge_home_bodyweight_beginner_3d_v1,3,Home C,Full Body,2,push_up,Push-Up,horizontal_push,"chest,triceps",bodyweight,accessory_compound,4,6,15,2,90,false,
forge_home_bodyweight_beginner_3d_v1,3,Home C,Full Body,3,band_row,Resistance-Band Row,horizontal_pull,"upper_back,lats,biceps",resistance_band,accessory_compound,3,10,15,2,75,false,Added to restore realistic home pulling exposure with a band.
forge_home_bodyweight_beginner_3d_v1,3,Home C,Full Body,4,single_leg_glute_bridge,Single-Leg Glute Bridge,hinge,"glutes,hamstrings",bodyweight,accessory_compound,3,10,20,2,75,false,Added to restore posterior-chain exposure on the full-body home day.
forge_home_bodyweight_beginner_3d_v1,3,Home C,Full Body,5,plank,Plank,anti_extension,core,bodyweight,core,3,30,60,2,60,false,saniye
forge_hypertrophy_bodypart_intermediate_5d_v1,1,Chest + Triceps,Göğüs,1,bench_press,Barbell Bench Press,horizontal_push,"chest,triceps,front_delts","barbell,bench,rack",main_lift,3,6,10,2,150,false,
forge_hypertrophy_bodypart_intermediate_5d_v1,1,Chest + Triceps,Göğüs,2,incline_dumbbell_press,Incline Dumbbell Press,incline_push,"upper_chest,triceps,front_delts","dumbbell,incline_bench",secondary_compound,3,8,12,2,120,false,
forge_hypertrophy_bodypart_intermediate_5d_v1,1,Chest + Triceps,Göğüs,3,machine_chest_press,Machine Chest Press,horizontal_push,"chest,triceps",machine,secondary_compound,3,10,15,2,120,false,
forge_hypertrophy_bodypart_intermediate_5d_v1,1,Chest + Triceps,Göğüs,4,cable_fly,Cable Fly,chest_adduction,chest,cable,isolation,3,12,18,1,75,false,
forge_hypertrophy_bodypart_intermediate_5d_v1,1,Chest + Triceps,Göğüs,5,triceps_pushdown,Triceps Pushdown,elbow_extension,triceps,cable,isolation,3,10,15,1,75,false,
forge_hypertrophy_bodypart_intermediate_5d_v1,1,Chest + Triceps,Göğüs,6,overhead_triceps_extension,Overhead Triceps Extension,elbow_extension,triceps,cable_or_dumbbell,isolation,3,10,15,1,75,false,
forge_hypertrophy_bodypart_intermediate_5d_v1,2,Back + Biceps,Sırt,1,pull_up,Pull-Up,vertical_pull,"lats,biceps",pullup_bar,secondary_compound,3,6,10,2,150,false,
forge_hypertrophy_bodypart_intermediate_5d_v1,2,Back + Biceps,Sırt,2,barbell_row,Barbell Row,horizontal_pull,"upper_back,lats,biceps",barbell,secondary_compound,3,6,10,2,150,false,
forge_hypertrophy_bodypart_intermediate_5d_v1,2,Back + Biceps,Sırt,3,lat_pulldown,Lat Pulldown,vertical_pull,"lats,biceps",cable,secondary_compound,3,8,12,2,120,false,
forge_hypertrophy_bodypart_intermediate_5d_v1,2,Back + Biceps,Sırt,4,seated_cable_row,Seated Cable Row,horizontal_pull,"upper_back,lats,biceps",cable,secondary_compound,3,10,15,2,120,false,
forge_hypertrophy_bodypart_intermediate_5d_v1,2,Back + Biceps,Sırt,5,barbell_curl,Barbell Curl,elbow_flexion,biceps,barbell,isolation,3,8,12,1,75,false,
forge_hypertrophy_bodypart_intermediate_5d_v1,2,Back + Biceps,Sırt,6,hammer_curl,Hammer Curl,elbow_flexion,"biceps,forearms",dumbbell,isolation,3,10,15,1,75,false,
forge_hypertrophy_bodypart_intermediate_5d_v1,3,Legs,Bacak,1,back_squat,Back Squat,squat,quads,"barbell,rack",main_lift,3,6,10,2,180,false,
forge_hypertrophy_bodypart_intermediate_5d_v1,3,Legs,Bacak,2,romanian_deadlift,Romanian Deadlift,hinge,"hamstrings,glutes",barbell,secondary_compound,3,6,10,2,180,false,
forge_hypertrophy_bodypart_intermediate_5d_v1,3,Legs,Bacak,3,leg_press,Leg Press,squat,quads,machine,secondary_compound,3,10,15,1,120,false,
forge_hypertrophy_bodypart_intermediate_5d_v1,3,Legs,Bacak,4,leg_curl,Leg Curl,knee_flexion,hamstrings,machine,isolation,3,10,15,1,90,false,
forge_hypertrophy_bodypart_intermediate_5d_v1,3,Legs,Bacak,5,leg_extension,Leg Extension,knee_extension,quads,machine,isolation,3,12,18,1,75,false,
forge_hypertrophy_bodypart_intermediate_5d_v1,3,Legs,Bacak,6,standing_calf_raise,Standing Calf Raise,calf_raise,calves,machine,isolation,4,8,15,1,75,false,
forge_hypertrophy_bodypart_intermediate_5d_v1,4,Shoulders + Arms,Omuz,1,dumbbell_shoulder_press,Dumbbell Shoulder Press,vertical_push,"front_delts,triceps","dumbbell,bench",secondary_compound,3,8,12,2,120,false,
forge_hypertrophy_bodypart_intermediate_5d_v1,4,Shoulders + Arms,Omuz,2,lateral_raise,Dumbbell Lateral Raise,shoulder_abduction,side_delts,dumbbell,isolation,4,12,20,1,75,false,
forge_hypertrophy_bodypart_intermediate_5d_v1,4,Shoulders + Arms,Omuz,3,reverse_pec_deck,Reverse Pec Deck,horizontal_abduction,"rear_delts,upper_back",machine,isolation,4,12,20,1,75,false,
forge_hypertrophy_bodypart_intermediate_5d_v1,4,Shoulders + Arms,Omuz,4,incline_dumbbell_curl,Incline Dumbbell Curl,elbow_flexion,biceps,"dumbbell,incline_bench",isolation,2,10,15,1,75,false,
forge_hypertrophy_bodypart_intermediate_5d_v1,4,Shoulders + Arms,Omuz,5,skull_crusher,Skull Crusher,elbow_extension,triceps,"ez_bar,bench",isolation,2,10,15,1,75,false,
forge_hypertrophy_bodypart_intermediate_5d_v1,5,Upper Pump,İkincil Üst Vücut,1,incline_barbell_press,Incline Barbell Press,incline_push,"upper_chest,triceps,front_delts","barbell,incline_bench,rack",secondary_compound,3,8,12,2,120,false,
forge_hypertrophy_bodypart_intermediate_5d_v1,5,Upper Pump,İkincil Üst Vücut,2,chest_supported_row,Chest-Supported Row,horizontal_pull,"upper_back,lats,biceps",machine_or_dumbbell,secondary_compound,3,8,12,2,120,false,
forge_hypertrophy_bodypart_intermediate_5d_v1,5,Upper Pump,İkincil Üst Vücut,3,neutral_grip_pulldown,Neutral-Grip Pulldown,vertical_pull,"lats,biceps",cable,secondary_compound,3,10,15,2,120,false,
forge_hypertrophy_bodypart_intermediate_5d_v1,5,Upper Pump,İkincil Üst Vücut,4,low_to_high_cable_fly,Low-to-High Cable Fly,chest_adduction,upper_chest,cable,isolation,2,12,18,1,75,false,
forge_hypertrophy_bodypart_intermediate_5d_v1,5,Upper Pump,İkincil Üst Vücut,5,cable_lateral_raise,Cable Lateral Raise,shoulder_abduction,side_delts,cable,isolation,3,12,20,1,75,false,
forge_hypertrophy_bodypart_intermediate_5d_v1,5,Upper Pump,İkincil Üst Vücut,6,triceps_pushdown,Triceps Pushdown,elbow_extension,triceps,cable,isolation,2,12,18,1,60,false,
forge_hypertrophy_bodypart_intermediate_5d_v1,5,Upper Pump,İkincil Üst Vücut,7,cable_curl,Cable Curl,elbow_flexion,biceps,cable,isolation,2,12,18,1,60,false,
forge_hypertrophy_fullbody_beginner_3d_v1,1,Full Body A,Quad + Chest,1,hack_squat,Hack Squat,squat,quads,machine,secondary_compound,3,6,10,2,150,false,
forge_hypertrophy_fullbody_beginner_3d_v1,1,Full Body A,Quad + Chest,2,incline_dumbbell_press,Incline Dumbbell Press,incline_push,"upper_chest,triceps,front_delts","dumbbell,incline_bench",secondary_compound,3,6,10,2,150,false,
forge_hypertrophy_fullbody_beginner_3d_v1,1,Full Body A,Quad + Chest,3,chest_supported_row,Chest-Supported Row,horizontal_pull,"upper_back,lats,biceps",machine_or_dumbbell,secondary_compound,3,8,12,2,120,false,
forge_hypertrophy_fullbody_beginner_3d_v1,1,Full Body A,Quad + Chest,4,leg_curl,Leg Curl,knee_flexion,hamstrings,machine,isolation,3,10,15,2,90,false,
forge_hypertrophy_fullbody_beginner_3d_v1,1,Full Body A,Quad + Chest,5,lateral_raise,Dumbbell Lateral Raise,shoulder_abduction,side_delts,dumbbell,isolation,3,12,20,1,75,false,
forge_hypertrophy_fullbody_beginner_3d_v1,1,Full Body A,Quad + Chest,6,triceps_pushdown,Triceps Pushdown,elbow_extension,triceps,cable,isolation,2,10,15,1,75,false,
forge_hypertrophy_fullbody_beginner_3d_v1,2,Full Body B,Hinge + Back,1,romanian_deadlift,Romanian Deadlift,hinge,"hamstrings,glutes",barbell,secondary_compound,3,6,10,2,180,false,
forge_hypertrophy_fullbody_beginner_3d_v1,2,Full Body B,Hinge + Back,2,lat_pulldown,Lat Pulldown,vertical_pull,"lats,biceps",cable,secondary_compound,3,8,12,2,120,false,
forge_hypertrophy_fullbody_beginner_3d_v1,2,Full Body B,Hinge + Back,3,machine_chest_press,Machine Chest Press,horizontal_push,"chest,triceps",machine,secondary_compound,3,8,12,2,120,false,
forge_hypertrophy_fullbody_beginner_3d_v1,2,Full Body B,Hinge + Back,4,bulgarian_split_squat,Bulgarian Split Squat,lunge,"quads,glutes","dumbbell,bench",accessory_compound,3,8,12,2,120,false,
forge_hypertrophy_fullbody_beginner_3d_v1,2,Full Body B,Hinge + Back,5,reverse_pec_deck,Reverse Pec Deck,horizontal_abduction,"rear_delts,upper_back",machine,isolation,3,12,20,1,75,false,
forge_hypertrophy_fullbody_beginner_3d_v1,2,Full Body B,Hinge + Back,6,incline_dumbbell_curl,Incline Dumbbell Curl,elbow_flexion,biceps,"dumbbell,incline_bench",isolation,2,10,15,1,75,false,
forge_hypertrophy_fullbody_beginner_3d_v1,3,Full Body C,Balanced,1,leg_press,Leg Press,squat,quads,machine,secondary_compound,3,10,15,2,120,false,
forge_hypertrophy_fullbody_beginner_3d_v1,3,Full Body C,Balanced,2,dumbbell_bench_press,Dumbbell Bench Press,horizontal_push,"chest,triceps","dumbbell,bench",secondary_compound,3,8,12,2,120,false,
forge_hypertrophy_fullbody_beginner_3d_v1,3,Full Body C,Balanced,3,seated_cable_row,Seated Cable Row,horizontal_pull,"upper_back,lats,biceps",cable,secondary_compound,3,8,12,2,120,false,
forge_hypertrophy_fullbody_beginner_3d_v1,3,Full Body C,Balanced,4,hip_thrust,Barbell Hip Thrust,hinge,glutes,"barbell,bench",secondary_compound,3,8,12,2,150,false,
forge_hypertrophy_fullbody_beginner_3d_v1,3,Full Body C,Balanced,5,cable_lateral_raise,Cable Lateral Raise,shoulder_abduction,side_delts,cable,isolation,3,12,20,1,75,false,
forge_hypertrophy_fullbody_beginner_3d_v1,3,Full Body C,Balanced,6,overhead_triceps_extension,Overhead Triceps Extension,elbow_extension,triceps,cable_or_dumbbell,isolation,2,10,15,1,75,false,
forge_hypertrophy_fullbody_beginner_3d_v1,3,Full Body C,Balanced,7,hammer_curl,Hammer Curl,elbow_flexion,"biceps,forearms",dumbbell,isolation,2,10,15,1,75,false,
forge_hypertrophy_fullbody_intermediate_3d_v1,1,Full Body A,Quad + Chest,1,hack_squat,Hack Squat,squat,quads,machine,secondary_compound,3,6,10,2,150,false,
forge_hypertrophy_fullbody_intermediate_3d_v1,1,Full Body A,Quad + Chest,2,incline_dumbbell_press,Incline Dumbbell Press,incline_push,"upper_chest,triceps,front_delts","dumbbell,incline_bench",secondary_compound,3,6,10,2,150,false,
forge_hypertrophy_fullbody_intermediate_3d_v1,1,Full Body A,Quad + Chest,3,chest_supported_row,Chest-Supported Row,horizontal_pull,"upper_back,lats,biceps",machine_or_dumbbell,secondary_compound,3,8,12,2,120,false,
forge_hypertrophy_fullbody_intermediate_3d_v1,1,Full Body A,Quad + Chest,4,leg_curl,Leg Curl,knee_flexion,hamstrings,machine,isolation,3,10,15,2,90,false,
forge_hypertrophy_fullbody_intermediate_3d_v1,1,Full Body A,Quad + Chest,5,lateral_raise,Dumbbell Lateral Raise,shoulder_abduction,side_delts,dumbbell,isolation,3,12,20,1,75,false,
forge_hypertrophy_fullbody_intermediate_3d_v1,1,Full Body A,Quad + Chest,6,triceps_pushdown,Triceps Pushdown,elbow_extension,triceps,cable,isolation,2,10,15,1,75,false,
forge_hypertrophy_fullbody_intermediate_3d_v1,2,Full Body B,Hinge + Back,1,romanian_deadlift,Romanian Deadlift,hinge,"hamstrings,glutes",barbell,secondary_compound,3,6,10,2,180,false,
forge_hypertrophy_fullbody_intermediate_3d_v1,2,Full Body B,Hinge + Back,2,lat_pulldown,Lat Pulldown,vertical_pull,"lats,biceps",cable,secondary_compound,3,8,12,2,120,false,
forge_hypertrophy_fullbody_intermediate_3d_v1,2,Full Body B,Hinge + Back,3,machine_chest_press,Machine Chest Press,horizontal_push,"chest,triceps",machine,secondary_compound,3,8,12,2,120,false,
forge_hypertrophy_fullbody_intermediate_3d_v1,2,Full Body B,Hinge + Back,4,bulgarian_split_squat,Bulgarian Split Squat,lunge,"quads,glutes","dumbbell,bench",accessory_compound,3,8,12,2,120,false,
forge_hypertrophy_fullbody_intermediate_3d_v1,2,Full Body B,Hinge + Back,5,reverse_pec_deck,Reverse Pec Deck,horizontal_abduction,"rear_delts,upper_back",machine,isolation,3,12,20,1,75,false,
forge_hypertrophy_fullbody_intermediate_3d_v1,2,Full Body B,Hinge + Back,6,incline_dumbbell_curl,Incline Dumbbell Curl,elbow_flexion,biceps,"dumbbell,incline_bench",isolation,2,10,15,1,75,false,
forge_hypertrophy_fullbody_intermediate_3d_v1,3,Full Body C,Balanced,1,leg_press,Leg Press,squat,quads,machine,secondary_compound,3,10,15,2,120,false,
forge_hypertrophy_fullbody_intermediate_3d_v1,3,Full Body C,Balanced,2,dumbbell_bench_press,Dumbbell Bench Press,horizontal_push,"chest,triceps","dumbbell,bench",secondary_compound,3,8,12,2,120,false,
forge_hypertrophy_fullbody_intermediate_3d_v1,3,Full Body C,Balanced,3,seated_cable_row,Seated Cable Row,horizontal_pull,"upper_back,lats,biceps",cable,secondary_compound,3,8,12,2,120,false,
forge_hypertrophy_fullbody_intermediate_3d_v1,3,Full Body C,Balanced,4,hip_thrust,Barbell Hip Thrust,hinge,glutes,"barbell,bench",secondary_compound,3,8,12,2,150,false,
forge_hypertrophy_fullbody_intermediate_3d_v1,3,Full Body C,Balanced,5,cable_lateral_raise,Cable Lateral Raise,shoulder_abduction,side_delts,cable,isolation,3,12,20,1,75,false,
forge_hypertrophy_fullbody_intermediate_3d_v1,3,Full Body C,Balanced,6,overhead_triceps_extension,Overhead Triceps Extension,elbow_extension,triceps,cable_or_dumbbell,isolation,2,10,15,1,75,false,
forge_hypertrophy_fullbody_intermediate_3d_v1,3,Full Body C,Balanced,7,hammer_curl,Hammer Curl,elbow_flexion,"biceps,forearms",dumbbell,isolation,2,10,15,1,75,false,
forge_hypertrophy_intermediate_5d_v1,1,Upper Chest + Back,Üst Göğüs,1,incline_barbell_press,Incline Barbell Press,incline_push,"upper_chest,triceps,front_delts","barbell,incline_bench,rack",secondary_compound,4,6,10,2,150,false,
forge_hypertrophy_intermediate_5d_v1,1,Upper Chest + Back,Üst Göğüs,2,chest_supported_row,Chest-Supported Row,horizontal_pull,"upper_back,lats,biceps",machine_or_dumbbell,secondary_compound,4,6,10,2,120,false,
forge_hypertrophy_intermediate_5d_v1,1,Upper Chest + Back,Üst Göğüs,3,incline_dumbbell_press,Incline Dumbbell Press,incline_push,"upper_chest,triceps,front_delts","dumbbell,incline_bench",secondary_compound,3,8,12,2,120,false,
forge_hypertrophy_intermediate_5d_v1,1,Upper Chest + Back,Üst Göğüs,4,lat_pulldown,Lat Pulldown,vertical_pull,"lats,biceps",cable,secondary_compound,3,8,12,2,120,false,
forge_hypertrophy_intermediate_5d_v1,1,Upper Chest + Back,Üst Göğüs,5,low_to_high_cable_fly,Low-to-High Cable Fly,chest_adduction,upper_chest,cable,isolation,3,12,18,1,75,false,
forge_hypertrophy_intermediate_5d_v1,1,Upper Chest + Back,Üst Göğüs,6,face_pull,Face Pull,horizontal_abduction,"rear_delts,upper_back",cable,isolation,3,12,20,1,75,false,
forge_hypertrophy_intermediate_5d_v1,2,Lower Quad,Quads,1,back_squat,Back Squat,squat,quads,"barbell,rack",main_lift,3,6,8,2,180,false,
forge_hypertrophy_intermediate_5d_v1,2,Lower Quad,Quads,2,leg_press,Leg Press,squat,quads,machine,secondary_compound,4,8,12,2,120,false,
forge_hypertrophy_intermediate_5d_v1,2,Lower Quad,Quads,3,bulgarian_split_squat,Bulgarian Split Squat,lunge,"quads,glutes","dumbbell,bench",accessory_compound,3,8,12,2,120,false,
forge_hypertrophy_intermediate_5d_v1,2,Lower Quad,Quads,4,leg_extension,Leg Extension,knee_extension,quads,machine,isolation,3,12,18,1,75,false,
forge_hypertrophy_intermediate_5d_v1,2,Lower Quad,Quads,5,standing_calf_raise,Standing Calf Raise,calf_raise,calves,machine,isolation,4,8,15,1,75,false,
forge_hypertrophy_intermediate_5d_v1,3,Shoulders + Arms,Delts/Arms,1,dumbbell_shoulder_press,Dumbbell Shoulder Press,vertical_push,"front_delts,triceps","dumbbell,bench",secondary_compound,3,6,10,2,120,false,
forge_hypertrophy_intermediate_5d_v1,3,Shoulders + Arms,Delts/Arms,2,lateral_raise,Dumbbell Lateral Raise,shoulder_abduction,side_delts,dumbbell,isolation,4,12,20,1,75,false,
forge_hypertrophy_intermediate_5d_v1,3,Shoulders + Arms,Delts/Arms,3,reverse_pec_deck,Reverse Pec Deck,horizontal_abduction,"rear_delts,upper_back",machine,isolation,4,12,20,1,75,false,
forge_hypertrophy_intermediate_5d_v1,3,Shoulders + Arms,Delts/Arms,4,barbell_curl,Barbell Curl,elbow_flexion,biceps,barbell,isolation,3,8,12,1,75,false,
forge_hypertrophy_intermediate_5d_v1,3,Shoulders + Arms,Delts/Arms,5,incline_dumbbell_curl,Incline Dumbbell Curl,elbow_flexion,biceps,"dumbbell,incline_bench",isolation,2,10,15,1,75,false,
forge_hypertrophy_intermediate_5d_v1,3,Shoulders + Arms,Delts/Arms,6,triceps_pushdown,Triceps Pushdown,elbow_extension,triceps,cable,isolation,3,8,12,1,75,false,
forge_hypertrophy_intermediate_5d_v1,3,Shoulders + Arms,Delts/Arms,7,overhead_triceps_extension,Overhead Triceps Extension,elbow_extension,triceps,cable_or_dumbbell,isolation,2,10,15,1,75,false,
forge_hypertrophy_intermediate_5d_v1,4,Back + Chest,Sırt Öncelikli,1,pull_up,Pull-Up,vertical_pull,"lats,biceps",pullup_bar,secondary_compound,4,6,10,2,150,false,
forge_hypertrophy_intermediate_5d_v1,4,Back + Chest,Sırt Öncelikli,2,dumbbell_bench_press,Dumbbell Bench Press,horizontal_push,"chest,triceps","dumbbell,bench",secondary_compound,3,8,12,2,120,false,
forge_hypertrophy_intermediate_5d_v1,4,Back + Chest,Sırt Öncelikli,3,seated_cable_row,Seated Cable Row,horizontal_pull,"upper_back,lats,biceps",cable,secondary_compound,4,8,12,2,120,false,
forge_hypertrophy_intermediate_5d_v1,4,Back + Chest,Sırt Öncelikli,4,machine_chest_press,Machine Chest Press,horizontal_push,"chest,triceps",machine,secondary_compound,3,10,15,2,120,false,
forge_hypertrophy_intermediate_5d_v1,4,Back + Chest,Sırt Öncelikli,5,straight_arm_pulldown,Straight-Arm Pulldown,shoulder_extension,lats,cable,isolation,3,12,18,1,75,false,
forge_hypertrophy_intermediate_5d_v1,4,Back + Chest,Sırt Öncelikli,6,cable_fly,Cable Fly,chest_adduction,chest,cable,isolation,2,12,18,1,75,false,
forge_hypertrophy_intermediate_5d_v1,5,Lower Posterior,Hamstring/Glute,1,romanian_deadlift,Romanian Deadlift,hinge,"hamstrings,glutes",barbell,secondary_compound,4,6,10,2,180,false,
forge_hypertrophy_intermediate_5d_v1,5,Lower Posterior,Hamstring/Glute,2,hack_squat,Hack Squat,squat,quads,machine,secondary_compound,3,8,12,2,150,false,
forge_hypertrophy_intermediate_5d_v1,5,Lower Posterior,Hamstring/Glute,3,hip_thrust,Barbell Hip Thrust,hinge,glutes,"barbell,bench",secondary_compound,4,8,12,2,150,false,
forge_hypertrophy_intermediate_5d_v1,5,Lower Posterior,Hamstring/Glute,4,leg_curl,Leg Curl,knee_flexion,hamstrings,machine,isolation,4,10,15,1,90,false,
forge_hypertrophy_intermediate_5d_v1,5,Lower Posterior,Hamstring/Glute,5,seated_calf_raise,Seated Calf Raise,calf_raise,calves,machine,isolation,4,10,18,1,75,false,
forge_hypertrophy_intermediate_5d_v1,5,Lower Posterior,Hamstring/Glute,6,ab_wheel,Ab Wheel Rollout,anti_extension,core,ab_wheel,core,3,6,12,2,75,false,
forge_hypertrophy_ppl_advanced_6d_v1,1,Push A,Göğüs,1,bench_press,Barbell Bench Press,horizontal_push,"chest,triceps,front_delts","barbell,bench,rack",main_lift,3,6,10,2,150,false,
forge_hypertrophy_ppl_advanced_6d_v1,1,Push A,Göğüs,2,incline_dumbbell_press,Incline Dumbbell Press,incline_push,"upper_chest,triceps,front_delts","dumbbell,incline_bench",secondary_compound,3,8,12,2,120,false,
forge_hypertrophy_ppl_advanced_6d_v1,1,Push A,Göğüs,3,dumbbell_shoulder_press,Dumbbell Shoulder Press,vertical_push,"front_delts,triceps","dumbbell,bench",secondary_compound,3,8,12,2,120,false,
forge_hypertrophy_ppl_advanced_6d_v1,1,Push A,Göğüs,4,lateral_raise,Dumbbell Lateral Raise,shoulder_abduction,side_delts,dumbbell,isolation,4,12,20,1,75,false,
forge_hypertrophy_ppl_advanced_6d_v1,1,Push A,Göğüs,5,triceps_pushdown,Triceps Pushdown,elbow_extension,triceps,cable,isolation,4,10,15,1,75,false,
forge_hypertrophy_ppl_advanced_6d_v1,2,Pull A,Lats,1,pull_up,Pull-Up,vertical_pull,"lats,biceps",pullup_bar,secondary_compound,3,6,10,2,150,false,
forge_hypertrophy_ppl_advanced_6d_v1,2,Pull A,Lats,2,chest_supported_row,Chest-Supported Row,horizontal_pull,"upper_back,lats,biceps",machine_or_dumbbell,secondary_compound,3,8,12,2,120,false,
forge_hypertrophy_ppl_advanced_6d_v1,2,Pull A,Lats,3,lat_pulldown,Lat Pulldown,vertical_pull,"lats,biceps",cable,secondary_compound,3,10,15,2,120,false,
forge_hypertrophy_ppl_advanced_6d_v1,2,Pull A,Lats,4,reverse_pec_deck,Reverse Pec Deck,horizontal_abduction,"rear_delts,upper_back",machine,isolation,4,12,20,1,75,false,
forge_hypertrophy_ppl_advanced_6d_v1,2,Pull A,Lats,5,incline_dumbbell_curl,Incline Dumbbell Curl,elbow_flexion,biceps,"dumbbell,incline_bench",isolation,4,10,15,1,75,false,
forge_hypertrophy_ppl_advanced_6d_v1,3,Legs A,Quad,1,back_squat,Back Squat,squat,quads,"barbell,rack",main_lift,3,6,10,2,180,false,
forge_hypertrophy_ppl_advanced_6d_v1,3,Legs A,Quad,2,leg_press,Leg Press,squat,quads,machine,secondary_compound,3,10,15,1,120,false,
forge_hypertrophy_ppl_advanced_6d_v1,3,Legs A,Quad,3,romanian_deadlift,Romanian Deadlift,hinge,"hamstrings,glutes",barbell,secondary_compound,3,8,12,2,150,false,
forge_hypertrophy_ppl_advanced_6d_v1,3,Legs A,Quad,4,leg_extension,Leg Extension,knee_extension,quads,machine,isolation,4,12,18,1,75,false,
forge_hypertrophy_ppl_advanced_6d_v1,3,Legs A,Quad,5,standing_calf_raise,Standing Calf Raise,calf_raise,calves,machine,isolation,4,8,15,1,75,false,
forge_hypertrophy_ppl_advanced_6d_v1,4,Push B,Üst Göğüs/Omuz,1,incline_barbell_press,Incline Barbell Press,incline_push,"upper_chest,triceps,front_delts","barbell,incline_bench,rack",secondary_compound,3,6,10,2,150,false,
forge_hypertrophy_ppl_advanced_6d_v1,4,Push B,Üst Göğüs/Omuz,2,machine_chest_press,Machine Chest Press,horizontal_push,"chest,triceps",machine,secondary_compound,3,8,12,2,120,false,
forge_hypertrophy_ppl_advanced_6d_v1,4,Push B,Üst Göğüs/Omuz,3,machine_shoulder_press,Machine Shoulder Press,vertical_push,"front_delts,triceps",machine,secondary_compound,2,8,12,2,120,false,
forge_hypertrophy_ppl_advanced_6d_v1,4,Push B,Üst Göğüs/Omuz,4,cable_lateral_raise,Cable Lateral Raise,shoulder_abduction,side_delts,cable,isolation,4,12,20,1,75,false,
forge_hypertrophy_ppl_advanced_6d_v1,4,Push B,Üst Göğüs/Omuz,5,overhead_triceps_extension,Overhead Triceps Extension,elbow_extension,triceps,cable_or_dumbbell,isolation,4,10,15,1,75,false,
forge_hypertrophy_ppl_advanced_6d_v1,5,Pull B,Upper Back,1,barbell_row,Barbell Row,horizontal_pull,"upper_back,lats,biceps",barbell,secondary_compound,3,6,10,2,150,false,
forge_hypertrophy_ppl_advanced_6d_v1,5,Pull B,Upper Back,2,neutral_grip_pulldown,Neutral-Grip Pulldown,vertical_pull,"lats,biceps",cable,secondary_compound,3,8,12,2,120,false,
forge_hypertrophy_ppl_advanced_6d_v1,5,Pull B,Upper Back,3,seated_cable_row,Seated Cable Row,horizontal_pull,"upper_back,lats,biceps",cable,secondary_compound,3,10,15,2,120,false,
forge_hypertrophy_ppl_advanced_6d_v1,5,Pull B,Upper Back,4,face_pull,Face Pull,horizontal_abduction,"rear_delts,upper_back",cable,isolation,4,12,20,1,75,false,
forge_hypertrophy_ppl_advanced_6d_v1,5,Pull B,Upper Back,5,hammer_curl,Hammer Curl,elbow_flexion,"biceps,forearms",dumbbell,isolation,4,10,15,1,75,false,
forge_hypertrophy_ppl_advanced_6d_v1,6,Legs B,Posterior,1,hack_squat,Hack Squat,squat,quads,machine,secondary_compound,3,8,12,2,150,false,
forge_hypertrophy_ppl_advanced_6d_v1,6,Legs B,Posterior,2,hip_thrust,Barbell Hip Thrust,hinge,glutes,"barbell,bench",secondary_compound,3,8,12,2,150,false,
forge_hypertrophy_ppl_advanced_6d_v1,6,Legs B,Posterior,3,bulgarian_split_squat,Bulgarian Split Squat,lunge,"quads,glutes","dumbbell,bench",accessory_compound,3,8,12,2,120,false,
forge_hypertrophy_ppl_advanced_6d_v1,6,Legs B,Posterior,4,leg_curl,Leg Curl,knee_flexion,hamstrings,machine,isolation,4,10,15,1,90,false,
forge_hypertrophy_ppl_advanced_6d_v1,6,Legs B,Posterior,5,seated_calf_raise,Seated Calf Raise,calf_raise,calves,machine,isolation,4,10,18,1,75,false,
forge_hypertrophy_ppl_intermediate_6d_v1,1,Push A,Göğüs,1,bench_press,Barbell Bench Press,horizontal_push,"chest,triceps,front_delts","barbell,bench,rack",main_lift,3,6,10,2,150,false,
forge_hypertrophy_ppl_intermediate_6d_v1,1,Push A,Göğüs,2,incline_dumbbell_press,Incline Dumbbell Press,incline_push,"upper_chest,triceps,front_delts","dumbbell,incline_bench",secondary_compound,3,8,12,2,120,false,
forge_hypertrophy_ppl_intermediate_6d_v1,1,Push A,Göğüs,3,dumbbell_shoulder_press,Dumbbell Shoulder Press,vertical_push,"front_delts,triceps","dumbbell,bench",secondary_compound,3,8,12,2,120,false,
forge_hypertrophy_ppl_intermediate_6d_v1,1,Push A,Göğüs,4,lateral_raise,Dumbbell Lateral Raise,shoulder_abduction,side_delts,dumbbell,isolation,3,12,20,1,75,false,
forge_hypertrophy_ppl_intermediate_6d_v1,1,Push A,Göğüs,5,triceps_pushdown,Triceps Pushdown,elbow_extension,triceps,cable,isolation,3,10,15,1,75,false,
forge_hypertrophy_ppl_intermediate_6d_v1,2,Pull A,Lats,1,pull_up,Pull-Up,vertical_pull,"lats,biceps",pullup_bar,secondary_compound,3,6,10,2,150,false,
forge_hypertrophy_ppl_intermediate_6d_v1,2,Pull A,Lats,2,chest_supported_row,Chest-Supported Row,horizontal_pull,"upper_back,lats,biceps",machine_or_dumbbell,secondary_compound,3,8,12,2,120,false,
forge_hypertrophy_ppl_intermediate_6d_v1,2,Pull A,Lats,3,lat_pulldown,Lat Pulldown,vertical_pull,"lats,biceps",cable,secondary_compound,3,10,15,2,120,false,
forge_hypertrophy_ppl_intermediate_6d_v1,2,Pull A,Lats,4,reverse_pec_deck,Reverse Pec Deck,horizontal_abduction,"rear_delts,upper_back",machine,isolation,3,12,20,1,75,false,
forge_hypertrophy_ppl_intermediate_6d_v1,2,Pull A,Lats,5,incline_dumbbell_curl,Incline Dumbbell Curl,elbow_flexion,biceps,"dumbbell,incline_bench",isolation,3,10,15,1,75,false,
forge_hypertrophy_ppl_intermediate_6d_v1,3,Legs A,Quad,1,back_squat,Back Squat,squat,quads,"barbell,rack",main_lift,3,6,10,2,180,false,
forge_hypertrophy_ppl_intermediate_6d_v1,3,Legs A,Quad,2,leg_press,Leg Press,squat,quads,machine,secondary_compound,3,10,15,1,120,false,
forge_hypertrophy_ppl_intermediate_6d_v1,3,Legs A,Quad,3,romanian_deadlift,Romanian Deadlift,hinge,"hamstrings,glutes",barbell,secondary_compound,3,8,12,2,150,false,
forge_hypertrophy_ppl_intermediate_6d_v1,3,Legs A,Quad,4,leg_extension,Leg Extension,knee_extension,quads,machine,isolation,3,12,18,1,75,false,
forge_hypertrophy_ppl_intermediate_6d_v1,3,Legs A,Quad,5,standing_calf_raise,Standing Calf Raise,calf_raise,calves,machine,isolation,4,8,15,1,75,false,
forge_hypertrophy_ppl_intermediate_6d_v1,4,Push B,Üst Göğüs/Omuz,1,incline_barbell_press,Incline Barbell Press,incline_push,"upper_chest,triceps,front_delts","barbell,incline_bench,rack",secondary_compound,3,6,10,2,150,false,
forge_hypertrophy_ppl_intermediate_6d_v1,4,Push B,Üst Göğüs/Omuz,2,machine_chest_press,Machine Chest Press,horizontal_push,"chest,triceps",machine,secondary_compound,3,8,12,2,120,false,
forge_hypertrophy_ppl_intermediate_6d_v1,4,Push B,Üst Göğüs/Omuz,3,machine_shoulder_press,Machine Shoulder Press,vertical_push,"front_delts,triceps",machine,secondary_compound,2,8,12,2,120,false,
forge_hypertrophy_ppl_intermediate_6d_v1,4,Push B,Üst Göğüs/Omuz,4,cable_lateral_raise,Cable Lateral Raise,shoulder_abduction,side_delts,cable,isolation,4,12,20,1,75,false,
forge_hypertrophy_ppl_intermediate_6d_v1,4,Push B,Üst Göğüs/Omuz,5,overhead_triceps_extension,Overhead Triceps Extension,elbow_extension,triceps,cable_or_dumbbell,isolation,3,10,15,1,75,false,
forge_hypertrophy_ppl_intermediate_6d_v1,5,Pull B,Upper Back,1,barbell_row,Barbell Row,horizontal_pull,"upper_back,lats,biceps",barbell,secondary_compound,3,6,10,2,150,false,
forge_hypertrophy_ppl_intermediate_6d_v1,5,Pull B,Upper Back,2,neutral_grip_pulldown,Neutral-Grip Pulldown,vertical_pull,"lats,biceps",cable,secondary_compound,3,8,12,2,120,false,
forge_hypertrophy_ppl_intermediate_6d_v1,5,Pull B,Upper Back,3,seated_cable_row,Seated Cable Row,horizontal_pull,"upper_back,lats,biceps",cable,secondary_compound,3,10,15,2,120,false,
forge_hypertrophy_ppl_intermediate_6d_v1,5,Pull B,Upper Back,4,face_pull,Face Pull,horizontal_abduction,"rear_delts,upper_back",cable,isolation,3,12,20,1,75,false,
forge_hypertrophy_ppl_intermediate_6d_v1,5,Pull B,Upper Back,5,hammer_curl,Hammer Curl,elbow_flexion,"biceps,forearms",dumbbell,isolation,3,10,15,1,75,false,
forge_hypertrophy_ppl_intermediate_6d_v1,6,Legs B,Posterior,1,hack_squat,Hack Squat,squat,quads,machine,secondary_compound,3,8,12,2,150,false,
forge_hypertrophy_ppl_intermediate_6d_v1,6,Legs B,Posterior,2,hip_thrust,Barbell Hip Thrust,hinge,glutes,"barbell,bench",secondary_compound,3,8,12,2,150,false,
forge_hypertrophy_ppl_intermediate_6d_v1,6,Legs B,Posterior,3,bulgarian_split_squat,Bulgarian Split Squat,lunge,"quads,glutes","dumbbell,bench",accessory_compound,3,8,12,2,120,false,
forge_hypertrophy_ppl_intermediate_6d_v1,6,Legs B,Posterior,4,leg_curl,Leg Curl,knee_flexion,hamstrings,machine,isolation,4,10,15,1,90,false,
forge_hypertrophy_ppl_intermediate_6d_v1,6,Legs B,Posterior,5,seated_calf_raise,Seated Calf Raise,calf_raise,calves,machine,isolation,4,10,18,1,75,false,
forge_hypertrophy_upper_lower_advanced_4d_v1,1,Upper A,Göğüs Öncelikli,1,incline_barbell_press,Incline Barbell Press,incline_push,"upper_chest,triceps,front_delts","barbell,incline_bench,rack",secondary_compound,4,6,10,2,150,false,
forge_hypertrophy_upper_lower_advanced_4d_v1,1,Upper A,Göğüs Öncelikli,2,chest_supported_row,Chest-Supported Row,horizontal_pull,"upper_back,lats,biceps",machine_or_dumbbell,secondary_compound,4,6,10,2,120,false,
forge_hypertrophy_upper_lower_advanced_4d_v1,1,Upper A,Göğüs Öncelikli,3,dumbbell_bench_press,Dumbbell Bench Press,horizontal_push,"chest,triceps","dumbbell,bench",secondary_compound,4,8,12,2,120,false,
forge_hypertrophy_upper_lower_advanced_4d_v1,1,Upper A,Göğüs Öncelikli,4,lat_pulldown,Lat Pulldown,vertical_pull,"lats,biceps",cable,secondary_compound,4,8,12,2,120,false,
forge_hypertrophy_upper_lower_advanced_4d_v1,1,Upper A,Göğüs Öncelikli,5,lateral_raise,Dumbbell Lateral Raise,shoulder_abduction,side_delts,dumbbell,isolation,4,12,20,1,75,false,
forge_hypertrophy_upper_lower_advanced_4d_v1,1,Upper A,Göğüs Öncelikli,6,triceps_pushdown,Triceps Pushdown,elbow_extension,triceps,cable,isolation,4,10,15,1,75,false,
forge_hypertrophy_upper_lower_advanced_4d_v1,1,Upper A,Göğüs Öncelikli,7,incline_dumbbell_curl,Incline Dumbbell Curl,elbow_flexion,biceps,"dumbbell,incline_bench",isolation,4,10,15,1,75,false,
forge_hypertrophy_upper_lower_advanced_4d_v1,2,Lower A,Quad Öncelikli,1,back_squat,Back Squat,squat,quads,"barbell,rack",main_lift,3,6,8,2,180,false,
forge_hypertrophy_upper_lower_advanced_4d_v1,2,Lower A,Quad Öncelikli,2,romanian_deadlift,Romanian Deadlift,hinge,"hamstrings,glutes",barbell,secondary_compound,4,6,10,2,180,false,
forge_hypertrophy_upper_lower_advanced_4d_v1,2,Lower A,Quad Öncelikli,3,leg_press,Leg Press,squat,quads,machine,secondary_compound,4,10,15,1,120,false,
forge_hypertrophy_upper_lower_advanced_4d_v1,2,Lower A,Quad Öncelikli,4,leg_extension,Leg Extension,knee_extension,quads,machine,isolation,4,12,18,1,75,false,
forge_hypertrophy_upper_lower_advanced_4d_v1,2,Lower A,Quad Öncelikli,5,leg_curl,Leg Curl,knee_flexion,hamstrings,machine,isolation,4,10,15,1,90,false,
forge_hypertrophy_upper_lower_advanced_4d_v1,2,Lower A,Quad Öncelikli,6,standing_calf_raise,Standing Calf Raise,calf_raise,calves,machine,isolation,4,8,15,1,75,false,
forge_hypertrophy_upper_lower_advanced_4d_v1,3,Upper B,Sırt + Omuz,1,pull_up,Pull-Up,vertical_pull,"lats,biceps",pullup_bar,secondary_compound,4,6,10,2,150,false,
forge_hypertrophy_upper_lower_advanced_4d_v1,3,Upper B,Sırt + Omuz,2,machine_chest_press,Machine Chest Press,horizontal_push,"chest,triceps",machine,secondary_compound,4,8,12,2,120,false,
forge_hypertrophy_upper_lower_advanced_4d_v1,3,Upper B,Sırt + Omuz,3,seated_cable_row,Seated Cable Row,horizontal_pull,"upper_back,lats,biceps",cable,secondary_compound,4,8,12,2,120,false,
forge_hypertrophy_upper_lower_advanced_4d_v1,3,Upper B,Sırt + Omuz,4,dumbbell_shoulder_press,Dumbbell Shoulder Press,vertical_push,"front_delts,triceps","dumbbell,bench",secondary_compound,4,8,12,2,120,false,
forge_hypertrophy_upper_lower_advanced_4d_v1,3,Upper B,Sırt + Omuz,5,reverse_pec_deck,Reverse Pec Deck,horizontal_abduction,"rear_delts,upper_back",machine,isolation,4,12,20,1,75,false,
forge_hypertrophy_upper_lower_advanced_4d_v1,3,Upper B,Sırt + Omuz,6,overhead_triceps_extension,Overhead Triceps Extension,elbow_extension,triceps,cable_or_dumbbell,isolation,4,10,15,1,75,false,
forge_hypertrophy_upper_lower_advanced_4d_v1,3,Upper B,Sırt + Omuz,7,hammer_curl,Hammer Curl,elbow_flexion,"biceps,forearms",dumbbell,isolation,4,10,15,1,75,false,
forge_hypertrophy_upper_lower_advanced_4d_v1,4,Lower B,Glute/Hamstring,1,hack_squat,Hack Squat,squat,quads,machine,secondary_compound,4,8,12,2,150,false,
forge_hypertrophy_upper_lower_advanced_4d_v1,4,Lower B,Glute/Hamstring,2,hip_thrust,Barbell Hip Thrust,hinge,glutes,"barbell,bench",secondary_compound,4,6,10,2,150,false,
forge_hypertrophy_upper_lower_advanced_4d_v1,4,Lower B,Glute/Hamstring,3,bulgarian_split_squat,Bulgarian Split Squat,lunge,"quads,glutes","dumbbell,bench",accessory_compound,3,8,12,2,120,false,
forge_hypertrophy_upper_lower_advanced_4d_v1,4,Lower B,Glute/Hamstring,4,leg_curl,Leg Curl,knee_flexion,hamstrings,machine,isolation,4,10,15,1,90,false,
forge_hypertrophy_upper_lower_advanced_4d_v1,4,Lower B,Glute/Hamstring,5,seated_calf_raise,Seated Calf Raise,calf_raise,calves,machine,isolation,4,10,18,1,75,false,
forge_hypertrophy_upper_lower_advanced_4d_v1,4,Lower B,Glute/Hamstring,6,hanging_leg_raise,Hanging Leg Raise,hip_flexion,core,pullup_bar,core,3,8,15,2,75,false,
forge_hypertrophy_upper_lower_beginner_4d_v1,1,Upper A,Göğüs + Sırt,1,dumbbell_bench_press,Dumbbell Bench Press,horizontal_push,"chest,triceps","dumbbell,bench",secondary_compound,3,8,12,2,120,false,
forge_hypertrophy_upper_lower_beginner_4d_v1,1,Upper A,Göğüs + Sırt,2,lat_pulldown,Lat Pulldown,vertical_pull,"lats,biceps",cable,secondary_compound,3,8,12,2,120,false,
forge_hypertrophy_upper_lower_beginner_4d_v1,1,Upper A,Göğüs + Sırt,3,machine_shoulder_press,Machine Shoulder Press,vertical_push,"front_delts,triceps",machine,secondary_compound,2,8,12,2,120,false,
forge_hypertrophy_upper_lower_beginner_4d_v1,1,Upper A,Göğüs + Sırt,4,seated_cable_row,Seated Cable Row,horizontal_pull,"upper_back,lats,biceps",cable,secondary_compound,3,8,12,2,120,false,
forge_hypertrophy_upper_lower_beginner_4d_v1,1,Upper A,Göğüs + Sırt,5,lateral_raise,Dumbbell Lateral Raise,shoulder_abduction,side_delts,dumbbell,isolation,3,12,20,1,75,false,
forge_hypertrophy_upper_lower_beginner_4d_v1,1,Upper A,Göğüs + Sırt,6,triceps_pushdown,Triceps Pushdown,elbow_extension,triceps,cable,isolation,2,10,15,1,75,false,
forge_hypertrophy_upper_lower_beginner_4d_v1,1,Upper A,Göğüs + Sırt,7,cable_curl,Cable Curl,elbow_flexion,biceps,cable,isolation,2,10,15,1,75,false,
forge_hypertrophy_upper_lower_beginner_4d_v1,2,Lower A,Quad,1,leg_press,Leg Press,squat,quads,machine,secondary_compound,4,8,12,2,150,false,
forge_hypertrophy_upper_lower_beginner_4d_v1,2,Lower A,Quad,2,romanian_deadlift,Romanian Deadlift,hinge,"hamstrings,glutes",barbell,secondary_compound,3,8,12,2,150,false,
forge_hypertrophy_upper_lower_beginner_4d_v1,2,Lower A,Quad,3,leg_extension,Leg Extension,knee_extension,quads,machine,isolation,3,12,15,1,75,false,
forge_hypertrophy_upper_lower_beginner_4d_v1,2,Lower A,Quad,4,leg_curl,Leg Curl,knee_flexion,hamstrings,machine,isolation,3,10,15,1,90,false,
forge_hypertrophy_upper_lower_beginner_4d_v1,2,Lower A,Quad,5,standing_calf_raise,Standing Calf Raise,calf_raise,calves,machine,isolation,3,10,15,1,75,false,
forge_hypertrophy_upper_lower_beginner_4d_v1,3,Upper B,Üst Göğüs + Üst Sırt,1,incline_dumbbell_press,Incline Dumbbell Press,incline_push,"upper_chest,triceps,front_delts","dumbbell,incline_bench",secondary_compound,3,8,12,2,120,false,
forge_hypertrophy_upper_lower_beginner_4d_v1,3,Upper B,Üst Göğüs + Üst Sırt,2,chest_supported_row,Chest-Supported Row,horizontal_pull,"upper_back,lats,biceps",machine_or_dumbbell,secondary_compound,3,8,12,2,120,false,
forge_hypertrophy_upper_lower_beginner_4d_v1,3,Upper B,Üst Göğüs + Üst Sırt,3,neutral_grip_pulldown,Neutral-Grip Pulldown,vertical_pull,"lats,biceps",cable,secondary_compound,3,10,15,2,120,false,
forge_hypertrophy_upper_lower_beginner_4d_v1,3,Upper B,Üst Göğüs + Üst Sırt,4,machine_chest_press,Machine Chest Press,horizontal_push,"chest,triceps",machine,secondary_compound,2,10,15,2,120,false,
forge_hypertrophy_upper_lower_beginner_4d_v1,3,Upper B,Üst Göğüs + Üst Sırt,5,reverse_pec_deck,Reverse Pec Deck,horizontal_abduction,"rear_delts,upper_back",machine,isolation,3,12,20,1,75,false,
forge_hypertrophy_upper_lower_beginner_4d_v1,3,Upper B,Üst Göğüs + Üst Sırt,6,overhead_triceps_extension,Overhead Triceps Extension,elbow_extension,triceps,cable_or_dumbbell,isolation,2,10,15,1,75,false,
forge_hypertrophy_upper_lower_beginner_4d_v1,3,Upper B,Üst Göğüs + Üst Sırt,7,hammer_curl,Hammer Curl,elbow_flexion,"biceps,forearms",dumbbell,isolation,2,10,15,1,75,false,
forge_hypertrophy_upper_lower_beginner_4d_v1,4,Lower B,Posterior Chain,1,hack_squat,Hack Squat,squat,quads,machine,secondary_compound,3,8,12,2,150,false,
forge_hypertrophy_upper_lower_beginner_4d_v1,4,Lower B,Posterior Chain,2,hip_thrust,Barbell Hip Thrust,hinge,glutes,"barbell,bench",secondary_compound,3,8,12,2,150,false,
forge_hypertrophy_upper_lower_beginner_4d_v1,4,Lower B,Posterior Chain,3,bulgarian_split_squat,Bulgarian Split Squat,lunge,"quads,glutes","dumbbell,bench",accessory_compound,3,8,12,2,120,false,
forge_hypertrophy_upper_lower_beginner_4d_v1,4,Lower B,Posterior Chain,4,leg_curl,Leg Curl,knee_flexion,hamstrings,machine,isolation,3,10,15,1,90,false,
forge_hypertrophy_upper_lower_beginner_4d_v1,4,Lower B,Posterior Chain,5,seated_calf_raise,Seated Calf Raise,calf_raise,calves,machine,isolation,3,12,18,1,75,false,
forge_hypertrophy_upper_lower_intermediate_4d_v1,1,Upper A,Göğüs Öncelikli,1,incline_barbell_press,Incline Barbell Press,incline_push,"upper_chest,triceps,front_delts","barbell,incline_bench,rack",secondary_compound,3,6,10,2,150,false,
forge_hypertrophy_upper_lower_intermediate_4d_v1,1,Upper A,Göğüs Öncelikli,2,chest_supported_row,Chest-Supported Row,horizontal_pull,"upper_back,lats,biceps",machine_or_dumbbell,secondary_compound,4,6,10,2,120,false,
forge_hypertrophy_upper_lower_intermediate_4d_v1,1,Upper A,Göğüs Öncelikli,3,dumbbell_bench_press,Dumbbell Bench Press,horizontal_push,"chest,triceps","dumbbell,bench",secondary_compound,3,8,12,2,120,false,
forge_hypertrophy_upper_lower_intermediate_4d_v1,1,Upper A,Göğüs Öncelikli,4,lat_pulldown,Lat Pulldown,vertical_pull,"lats,biceps",cable,secondary_compound,3,8,12,2,120,false,
forge_hypertrophy_upper_lower_intermediate_4d_v1,1,Upper A,Göğüs Öncelikli,5,lateral_raise,Dumbbell Lateral Raise,shoulder_abduction,side_delts,dumbbell,isolation,4,12,20,1,75,false,
forge_hypertrophy_upper_lower_intermediate_4d_v1,1,Upper A,Göğüs Öncelikli,6,triceps_pushdown,Triceps Pushdown,elbow_extension,triceps,cable,isolation,3,10,15,1,75,false,
forge_hypertrophy_upper_lower_intermediate_4d_v1,1,Upper A,Göğüs Öncelikli,7,incline_dumbbell_curl,Incline Dumbbell Curl,elbow_flexion,biceps,"dumbbell,incline_bench",isolation,3,10,15,1,75,false,
forge_hypertrophy_upper_lower_intermediate_4d_v1,2,Lower A,Quad Öncelikli,1,back_squat,Back Squat,squat,quads,"barbell,rack",main_lift,3,6,8,2,180,false,
forge_hypertrophy_upper_lower_intermediate_4d_v1,2,Lower A,Quad Öncelikli,2,romanian_deadlift,Romanian Deadlift,hinge,"hamstrings,glutes",barbell,secondary_compound,3,6,10,2,180,false,
forge_hypertrophy_upper_lower_intermediate_4d_v1,2,Lower A,Quad Öncelikli,3,leg_press,Leg Press,squat,quads,machine,secondary_compound,3,10,15,1,120,false,
forge_hypertrophy_upper_lower_intermediate_4d_v1,2,Lower A,Quad Öncelikli,4,leg_extension,Leg Extension,knee_extension,quads,machine,isolation,3,12,18,1,75,false,
forge_hypertrophy_upper_lower_intermediate_4d_v1,2,Lower A,Quad Öncelikli,5,leg_curl,Leg Curl,knee_flexion,hamstrings,machine,isolation,3,10,15,1,90,false,
forge_hypertrophy_upper_lower_intermediate_4d_v1,2,Lower A,Quad Öncelikli,6,standing_calf_raise,Standing Calf Raise,calf_raise,calves,machine,isolation,4,8,15,1,75,false,
forge_hypertrophy_upper_lower_intermediate_4d_v1,3,Upper B,Sırt + Omuz,1,pull_up,Pull-Up,vertical_pull,"lats,biceps",pullup_bar,secondary_compound,3,6,10,2,150,false,
forge_hypertrophy_upper_lower_intermediate_4d_v1,3,Upper B,Sırt + Omuz,2,machine_chest_press,Machine Chest Press,horizontal_push,"chest,triceps",machine,secondary_compound,3,8,12,2,120,false,
forge_hypertrophy_upper_lower_intermediate_4d_v1,3,Upper B,Sırt + Omuz,3,seated_cable_row,Seated Cable Row,horizontal_pull,"upper_back,lats,biceps",cable,secondary_compound,3,8,12,2,120,false,
forge_hypertrophy_upper_lower_intermediate_4d_v1,3,Upper B,Sırt + Omuz,4,dumbbell_shoulder_press,Dumbbell Shoulder Press,vertical_push,"front_delts,triceps","dumbbell,bench",secondary_compound,3,8,12,2,120,false,
forge_hypertrophy_upper_lower_intermediate_4d_v1,3,Upper B,Sırt + Omuz,5,reverse_pec_deck,Reverse Pec Deck,horizontal_abduction,"rear_delts,upper_back",machine,isolation,4,12,20,1,75,false,
forge_hypertrophy_upper_lower_intermediate_4d_v1,3,Upper B,Sırt + Omuz,6,overhead_triceps_extension,Overhead Triceps Extension,elbow_extension,triceps,cable_or_dumbbell,isolation,3,10,15,1,75,false,
forge_hypertrophy_upper_lower_intermediate_4d_v1,3,Upper B,Sırt + Omuz,7,hammer_curl,Hammer Curl,elbow_flexion,"biceps,forearms",dumbbell,isolation,3,10,15,1,75,false,
forge_hypertrophy_upper_lower_intermediate_4d_v1,4,Lower B,Glute/Hamstring,1,hack_squat,Hack Squat,squat,quads,machine,secondary_compound,3,8,12,2,150,false,
forge_hypertrophy_upper_lower_intermediate_4d_v1,4,Lower B,Glute/Hamstring,2,hip_thrust,Barbell Hip Thrust,hinge,glutes,"barbell,bench",secondary_compound,4,6,10,2,150,false,
forge_hypertrophy_upper_lower_intermediate_4d_v1,4,Lower B,Glute/Hamstring,3,bulgarian_split_squat,Bulgarian Split Squat,lunge,"quads,glutes","dumbbell,bench",accessory_compound,3,8,12,2,120,false,
forge_hypertrophy_upper_lower_intermediate_4d_v1,4,Lower B,Glute/Hamstring,4,leg_curl,Leg Curl,knee_flexion,hamstrings,machine,isolation,4,10,15,1,90,false,
forge_hypertrophy_upper_lower_intermediate_4d_v1,4,Lower B,Glute/Hamstring,5,seated_calf_raise,Seated Calf Raise,calf_raise,calves,machine,isolation,4,10,18,1,75,false,
forge_hypertrophy_upper_lower_intermediate_4d_v1,4,Lower B,Glute/Hamstring,6,hanging_leg_raise,Hanging Leg Raise,hip_flexion,core,pullup_bar,core,3,8,15,2,75,false,
forge_powerbuilding_advanced_4d_v1,1,Upper Power,Bench Güç,1,bench_press,Barbell Bench Press,horizontal_push,"chest,triceps,front_delts","barbell,bench,rack",main_lift,4,3,5,1,210,true,
forge_powerbuilding_advanced_4d_v1,1,Upper Power,Bench Güç,2,barbell_row,Barbell Row,horizontal_pull,"upper_back,lats,biceps",barbell,secondary_compound,4,5,8,2,150,false,
forge_powerbuilding_advanced_4d_v1,1,Upper Power,Bench Güç,3,overhead_press,Barbell Overhead Press,vertical_push,"front_delts,triceps","barbell,rack",main_lift,3,5,8,1,150,false,
forge_powerbuilding_advanced_4d_v1,1,Upper Power,Bench Güç,4,lat_pulldown,Lat Pulldown,vertical_pull,"lats,biceps",cable,secondary_compound,3,8,12,2,120,false,
forge_powerbuilding_advanced_4d_v1,1,Upper Power,Bench Güç,5,lateral_raise,Dumbbell Lateral Raise,shoulder_abduction,side_delts,dumbbell,isolation,3,12,20,1,75,false,
forge_powerbuilding_advanced_4d_v1,1,Upper Power,Bench Güç,6,triceps_pushdown,Triceps Pushdown,elbow_extension,triceps,cable,isolation,3,10,15,1,75,false,
forge_powerbuilding_advanced_4d_v1,2,Lower Power,Squat Güç,1,back_squat,Back Squat,squat,quads,"barbell,rack",main_lift,4,3,5,1,240,true,
forge_powerbuilding_advanced_4d_v1,2,Lower Power,Squat Güç,2,romanian_deadlift,Romanian Deadlift,hinge,"hamstrings,glutes",barbell,secondary_compound,3,6,10,2,180,false,
forge_powerbuilding_advanced_4d_v1,2,Lower Power,Squat Güç,3,leg_press,Leg Press,squat,quads,machine,secondary_compound,3,8,12,2,120,false,
forge_powerbuilding_advanced_4d_v1,2,Lower Power,Squat Güç,4,leg_curl,Leg Curl,knee_flexion,hamstrings,machine,isolation,3,10,15,1,90,false,
forge_powerbuilding_advanced_4d_v1,2,Lower Power,Squat Güç,5,standing_calf_raise,Standing Calf Raise,calf_raise,calves,machine,isolation,4,8,15,1,75,false,
forge_powerbuilding_advanced_4d_v1,3,Upper Hypertrophy,Göğüs/Sırt,1,incline_dumbbell_press,Incline Dumbbell Press,incline_push,"upper_chest,triceps,front_delts","dumbbell,incline_bench",secondary_compound,4,8,12,2,120,false,
forge_powerbuilding_advanced_4d_v1,3,Upper Hypertrophy,Göğüs/Sırt,2,chest_supported_row,Chest-Supported Row,horizontal_pull,"upper_back,lats,biceps",machine_or_dumbbell,secondary_compound,4,8,12,2,120,false,
forge_powerbuilding_advanced_4d_v1,3,Upper Hypertrophy,Göğüs/Sırt,3,machine_chest_press,Machine Chest Press,horizontal_push,"chest,triceps",machine,secondary_compound,3,10,15,1,120,false,
forge_powerbuilding_advanced_4d_v1,3,Upper Hypertrophy,Göğüs/Sırt,4,neutral_grip_pulldown,Neutral-Grip Pulldown,vertical_pull,"lats,biceps",cable,secondary_compound,3,10,15,1,120,false,
forge_powerbuilding_advanced_4d_v1,3,Upper Hypertrophy,Göğüs/Sırt,5,reverse_pec_deck,Reverse Pec Deck,horizontal_abduction,"rear_delts,upper_back",machine,isolation,3,12,20,1,75,false,
forge_powerbuilding_advanced_4d_v1,3,Upper Hypertrophy,Göğüs/Sırt,6,incline_dumbbell_curl,Incline Dumbbell Curl,elbow_flexion,biceps,"dumbbell,incline_bench",isolation,3,10,15,1,75,false,
forge_powerbuilding_advanced_4d_v1,4,Lower Hypertrophy,Bacak,1,conventional_deadlift,Conventional Deadlift,hinge,"glutes,hamstrings,back",barbell,main_lift,3,3,5,1,240,true,
forge_powerbuilding_advanced_4d_v1,4,Lower Hypertrophy,Bacak,2,hack_squat,Hack Squat,squat,quads,machine,secondary_compound,3,8,12,2,150,false,
forge_powerbuilding_advanced_4d_v1,4,Lower Hypertrophy,Bacak,3,hip_thrust,Barbell Hip Thrust,hinge,glutes,"barbell,bench",secondary_compound,3,8,12,2,150,false,
forge_powerbuilding_advanced_4d_v1,4,Lower Hypertrophy,Bacak,4,bulgarian_split_squat,Bulgarian Split Squat,lunge,"quads,glutes","dumbbell,bench",accessory_compound,3,8,12,2,120,false,
forge_powerbuilding_advanced_4d_v1,4,Lower Hypertrophy,Bacak,5,leg_curl,Leg Curl,knee_flexion,hamstrings,machine,isolation,3,10,15,1,90,false,
forge_powerbuilding_advanced_4d_v1,4,Lower Hypertrophy,Bacak,6,seated_calf_raise,Seated Calf Raise,calf_raise,calves,machine,isolation,4,10,18,1,75,false,
forge_powerbuilding_advanced_5d_v1,1,Squat,Squat + Quad,1,back_squat,Back Squat,squat,quads,"barbell,rack",main_lift,4,3,5,1,240,true,
forge_powerbuilding_advanced_5d_v1,1,Squat,Squat + Quad,2,leg_press,Leg Press,squat,quads,machine,secondary_compound,3,8,12,2,120,false,
forge_powerbuilding_advanced_5d_v1,1,Squat,Squat + Quad,3,bulgarian_split_squat,Bulgarian Split Squat,lunge,"quads,glutes","dumbbell,bench",accessory_compound,3,8,12,2,120,false,
forge_powerbuilding_advanced_5d_v1,1,Squat,Squat + Quad,4,leg_extension,Leg Extension,knee_extension,quads,machine,isolation,3,12,18,1,75,false,
forge_powerbuilding_advanced_5d_v1,1,Squat,Squat + Quad,5,standing_calf_raise,Standing Calf Raise,calf_raise,calves,machine,isolation,4,8,15,1,75,false,
forge_powerbuilding_advanced_5d_v1,2,Bench,Bench + Chest,1,bench_press,Barbell Bench Press,horizontal_push,"chest,triceps,front_delts","barbell,bench,rack",main_lift,4,3,5,1,210,true,
forge_powerbuilding_advanced_5d_v1,2,Bench,Bench + Chest,2,incline_dumbbell_press,Incline Dumbbell Press,incline_push,"upper_chest,triceps,front_delts","dumbbell,incline_bench",secondary_compound,3,8,12,2,120,false,
forge_powerbuilding_advanced_5d_v1,2,Bench,Bench + Chest,3,machine_chest_press,Machine Chest Press,horizontal_push,"chest,triceps",machine,secondary_compound,3,10,15,1,120,false,
forge_powerbuilding_advanced_5d_v1,2,Bench,Bench + Chest,4,lateral_raise,Dumbbell Lateral Raise,shoulder_abduction,side_delts,dumbbell,isolation,3,12,20,1,75,false,
forge_powerbuilding_advanced_5d_v1,2,Bench,Bench + Chest,5,triceps_pushdown,Triceps Pushdown,elbow_extension,triceps,cable,isolation,3,10,15,1,75,false,
forge_powerbuilding_advanced_5d_v1,3,Back,Back,1,barbell_row,Barbell Row,horizontal_pull,"upper_back,lats,biceps",barbell,secondary_compound,4,5,8,2,150,false,
forge_powerbuilding_advanced_5d_v1,3,Back,Back,2,pull_up,Pull-Up,vertical_pull,"lats,biceps",pullup_bar,secondary_compound,4,6,10,2,150,false,
forge_powerbuilding_advanced_5d_v1,3,Back,Back,3,seated_cable_row,Seated Cable Row,horizontal_pull,"upper_back,lats,biceps",cable,secondary_compound,3,8,12,2,120,false,
forge_powerbuilding_advanced_5d_v1,3,Back,Back,4,straight_arm_pulldown,Straight-Arm Pulldown,shoulder_extension,lats,cable,isolation,3,12,18,1,75,false,
forge_powerbuilding_advanced_5d_v1,3,Back,Back,5,barbell_curl,Barbell Curl,elbow_flexion,biceps,barbell,isolation,3,8,12,1,75,false,
forge_powerbuilding_advanced_5d_v1,3,Back,Back,6,hammer_curl,Hammer Curl,elbow_flexion,"biceps,forearms",dumbbell,isolation,3,10,15,1,75,false,
forge_powerbuilding_advanced_5d_v1,4,Press,OHP + Delts,1,overhead_press,Barbell Overhead Press,vertical_push,"front_delts,triceps","barbell,rack",main_lift,4,3,6,1,210,true,
forge_powerbuilding_advanced_5d_v1,4,Press,OHP + Delts,2,close_grip_bench,Close-Grip Bench Press,horizontal_push,"triceps,chest","barbell,bench,rack",secondary_compound,3,6,10,2,150,false,
forge_powerbuilding_advanced_5d_v1,4,Press,OHP + Delts,3,dumbbell_shoulder_press,Dumbbell Shoulder Press,vertical_push,"front_delts,triceps","dumbbell,bench",secondary_compound,3,8,12,2,120,false,
forge_powerbuilding_advanced_5d_v1,4,Press,OHP + Delts,4,lateral_raise,Dumbbell Lateral Raise,shoulder_abduction,side_delts,dumbbell,isolation,4,12,20,1,75,false,
forge_powerbuilding_advanced_5d_v1,4,Press,OHP + Delts,5,reverse_pec_deck,Reverse Pec Deck,horizontal_abduction,"rear_delts,upper_back",machine,isolation,4,12,20,1,75,false,
forge_powerbuilding_advanced_5d_v1,5,Deadlift,Posterior,1,conventional_deadlift,Conventional Deadlift,hinge,"glutes,hamstrings,back",barbell,main_lift,3,2,5,1,240,true,
forge_powerbuilding_advanced_5d_v1,5,Deadlift,Posterior,2,front_squat,Front Squat,squat,quads,"barbell,rack",secondary_compound,3,5,8,2,180,false,
forge_powerbuilding_advanced_5d_v1,5,Deadlift,Posterior,3,hip_thrust,Barbell Hip Thrust,hinge,glutes,"barbell,bench",secondary_compound,3,8,12,2,150,false,
forge_powerbuilding_advanced_5d_v1,5,Deadlift,Posterior,4,leg_curl,Leg Curl,knee_flexion,hamstrings,machine,isolation,4,10,15,1,90,false,
forge_powerbuilding_advanced_5d_v1,5,Deadlift,Posterior,5,ab_wheel,Ab Wheel Rollout,anti_extension,core,ab_wheel,core,3,6,12,2,75,false,
forge_powerbuilding_intermediate_4d_v1,1,Upper Power,Bench Güç,1,bench_press,Barbell Bench Press,horizontal_push,"chest,triceps,front_delts","barbell,bench,rack",main_lift,4,3,5,2,210,true,
forge_powerbuilding_intermediate_4d_v1,1,Upper Power,Bench Güç,2,barbell_row,Barbell Row,horizontal_pull,"upper_back,lats,biceps",barbell,secondary_compound,4,5,8,2,150,false,
forge_powerbuilding_intermediate_4d_v1,1,Upper Power,Bench Güç,3,overhead_press,Barbell Overhead Press,vertical_push,"front_delts,triceps","barbell,rack",main_lift,3,5,8,2,150,false,
forge_powerbuilding_intermediate_4d_v1,1,Upper Power,Bench Güç,4,lat_pulldown,Lat Pulldown,vertical_pull,"lats,biceps",cable,secondary_compound,3,8,12,2,120,false,
forge_powerbuilding_intermediate_4d_v1,1,Upper Power,Bench Güç,5,lateral_raise,Dumbbell Lateral Raise,shoulder_abduction,side_delts,dumbbell,isolation,3,12,20,1,75,false,
forge_powerbuilding_intermediate_4d_v1,1,Upper Power,Bench Güç,6,triceps_pushdown,Triceps Pushdown,elbow_extension,triceps,cable,isolation,3,10,15,1,75,false,
forge_powerbuilding_intermediate_4d_v1,2,Lower Power,Squat Güç,1,back_squat,Back Squat,squat,quads,"barbell,rack",main_lift,4,3,5,2,240,true,
forge_powerbuilding_intermediate_4d_v1,2,Lower Power,Squat Güç,2,romanian_deadlift,Romanian Deadlift,hinge,"hamstrings,glutes",barbell,secondary_compound,3,6,10,2,180,false,
forge_powerbuilding_intermediate_4d_v1,2,Lower Power,Squat Güç,3,leg_press,Leg Press,squat,quads,machine,secondary_compound,3,8,12,2,120,false,
forge_powerbuilding_intermediate_4d_v1,2,Lower Power,Squat Güç,4,leg_curl,Leg Curl,knee_flexion,hamstrings,machine,isolation,3,10,15,1,90,false,
forge_powerbuilding_intermediate_4d_v1,2,Lower Power,Squat Güç,5,standing_calf_raise,Standing Calf Raise,calf_raise,calves,machine,isolation,4,8,15,1,75,false,
forge_powerbuilding_intermediate_4d_v1,3,Upper Hypertrophy,Göğüs/Sırt,1,incline_dumbbell_press,Incline Dumbbell Press,incline_push,"upper_chest,triceps,front_delts","dumbbell,incline_bench",secondary_compound,4,8,12,2,120,false,
forge_powerbuilding_intermediate_4d_v1,3,Upper Hypertrophy,Göğüs/Sırt,2,chest_supported_row,Chest-Supported Row,horizontal_pull,"upper_back,lats,biceps",machine_or_dumbbell,secondary_compound,4,8,12,2,120,false,
forge_powerbuilding_intermediate_4d_v1,3,Upper Hypertrophy,Göğüs/Sırt,3,machine_chest_press,Machine Chest Press,horizontal_push,"chest,triceps",machine,secondary_compound,3,10,15,1,120,false,
forge_powerbuilding_intermediate_4d_v1,3,Upper Hypertrophy,Göğüs/Sırt,4,neutral_grip_pulldown,Neutral-Grip Pulldown,vertical_pull,"lats,biceps",cable,secondary_compound,3,10,15,1,120,false,
forge_powerbuilding_intermediate_4d_v1,3,Upper Hypertrophy,Göğüs/Sırt,5,reverse_pec_deck,Reverse Pec Deck,horizontal_abduction,"rear_delts,upper_back",machine,isolation,3,12,20,1,75,false,
forge_powerbuilding_intermediate_4d_v1,3,Upper Hypertrophy,Göğüs/Sırt,6,incline_dumbbell_curl,Incline Dumbbell Curl,elbow_flexion,biceps,"dumbbell,incline_bench",isolation,3,10,15,1,75,false,
forge_powerbuilding_intermediate_4d_v1,4,Lower Hypertrophy,Bacak,1,conventional_deadlift,Conventional Deadlift,hinge,"glutes,hamstrings,back",barbell,main_lift,3,3,5,2,240,true,
forge_powerbuilding_intermediate_4d_v1,4,Lower Hypertrophy,Bacak,2,hack_squat,Hack Squat,squat,quads,machine,secondary_compound,3,8,12,2,150,false,
forge_powerbuilding_intermediate_4d_v1,4,Lower Hypertrophy,Bacak,3,hip_thrust,Barbell Hip Thrust,hinge,glutes,"barbell,bench",secondary_compound,3,8,12,2,150,false,
forge_powerbuilding_intermediate_4d_v1,4,Lower Hypertrophy,Bacak,4,bulgarian_split_squat,Bulgarian Split Squat,lunge,"quads,glutes","dumbbell,bench",accessory_compound,3,8,12,2,120,false,
forge_powerbuilding_intermediate_4d_v1,4,Lower Hypertrophy,Bacak,5,leg_curl,Leg Curl,knee_flexion,hamstrings,machine,isolation,3,10,15,1,90,false,
forge_powerbuilding_intermediate_4d_v1,4,Lower Hypertrophy,Bacak,6,seated_calf_raise,Seated Calf Raise,calf_raise,calves,machine,isolation,4,10,18,1,75,false,
forge_powerbuilding_intermediate_5d_v1,1,Squat,Squat + Quad,1,back_squat,Back Squat,squat,quads,"barbell,rack",main_lift,4,3,5,2,240,true,
forge_powerbuilding_intermediate_5d_v1,1,Squat,Squat + Quad,2,leg_press,Leg Press,squat,quads,machine,secondary_compound,3,8,12,2,120,false,
forge_powerbuilding_intermediate_5d_v1,1,Squat,Squat + Quad,3,bulgarian_split_squat,Bulgarian Split Squat,lunge,"quads,glutes","dumbbell,bench",accessory_compound,3,8,12,2,120,false,
forge_powerbuilding_intermediate_5d_v1,1,Squat,Squat + Quad,4,leg_extension,Leg Extension,knee_extension,quads,machine,isolation,3,12,18,1,75,false,
forge_powerbuilding_intermediate_5d_v1,1,Squat,Squat + Quad,5,standing_calf_raise,Standing Calf Raise,calf_raise,calves,machine,isolation,4,8,15,1,75,false,
forge_powerbuilding_intermediate_5d_v1,2,Bench,Bench + Chest,1,bench_press,Barbell Bench Press,horizontal_push,"chest,triceps,front_delts","barbell,bench,rack",main_lift,4,3,5,2,210,true,
forge_powerbuilding_intermediate_5d_v1,2,Bench,Bench + Chest,2,incline_dumbbell_press,Incline Dumbbell Press,incline_push,"upper_chest,triceps,front_delts","dumbbell,incline_bench",secondary_compound,3,8,12,2,120,false,
forge_powerbuilding_intermediate_5d_v1,2,Bench,Bench + Chest,3,machine_chest_press,Machine Chest Press,horizontal_push,"chest,triceps",machine,secondary_compound,3,10,15,1,120,false,
forge_powerbuilding_intermediate_5d_v1,2,Bench,Bench + Chest,4,lateral_raise,Dumbbell Lateral Raise,shoulder_abduction,side_delts,dumbbell,isolation,3,12,20,1,75,false,
forge_powerbuilding_intermediate_5d_v1,2,Bench,Bench + Chest,5,triceps_pushdown,Triceps Pushdown,elbow_extension,triceps,cable,isolation,3,10,15,1,75,false,
forge_powerbuilding_intermediate_5d_v1,3,Back,Back,1,barbell_row,Barbell Row,horizontal_pull,"upper_back,lats,biceps",barbell,secondary_compound,4,5,8,2,150,false,
forge_powerbuilding_intermediate_5d_v1,3,Back,Back,2,pull_up,Pull-Up,vertical_pull,"lats,biceps",pullup_bar,secondary_compound,4,6,10,2,150,false,
forge_powerbuilding_intermediate_5d_v1,3,Back,Back,3,seated_cable_row,Seated Cable Row,horizontal_pull,"upper_back,lats,biceps",cable,secondary_compound,3,8,12,2,120,false,
forge_powerbuilding_intermediate_5d_v1,3,Back,Back,4,straight_arm_pulldown,Straight-Arm Pulldown,shoulder_extension,lats,cable,isolation,3,12,18,1,75,false,
forge_powerbuilding_intermediate_5d_v1,3,Back,Back,5,barbell_curl,Barbell Curl,elbow_flexion,biceps,barbell,isolation,3,8,12,1,75,false,
forge_powerbuilding_intermediate_5d_v1,3,Back,Back,6,hammer_curl,Hammer Curl,elbow_flexion,"biceps,forearms",dumbbell,isolation,3,10,15,1,75,false,
forge_powerbuilding_intermediate_5d_v1,4,Press,OHP + Delts,1,overhead_press,Barbell Overhead Press,vertical_push,"front_delts,triceps","barbell,rack",main_lift,4,3,6,2,210,true,
forge_powerbuilding_intermediate_5d_v1,4,Press,OHP + Delts,2,close_grip_bench,Close-Grip Bench Press,horizontal_push,"triceps,chest","barbell,bench,rack",secondary_compound,3,6,10,2,150,false,
forge_powerbuilding_intermediate_5d_v1,4,Press,OHP + Delts,3,dumbbell_shoulder_press,Dumbbell Shoulder Press,vertical_push,"front_delts,triceps","dumbbell,bench",secondary_compound,3,8,12,2,120,false,
forge_powerbuilding_intermediate_5d_v1,4,Press,OHP + Delts,4,lateral_raise,Dumbbell Lateral Raise,shoulder_abduction,side_delts,dumbbell,isolation,4,12,20,1,75,false,
forge_powerbuilding_intermediate_5d_v1,4,Press,OHP + Delts,5,reverse_pec_deck,Reverse Pec Deck,horizontal_abduction,"rear_delts,upper_back",machine,isolation,4,12,20,1,75,false,
forge_powerbuilding_intermediate_5d_v1,5,Deadlift,Posterior,1,conventional_deadlift,Conventional Deadlift,hinge,"glutes,hamstrings,back",barbell,main_lift,3,2,5,2,240,true,
forge_powerbuilding_intermediate_5d_v1,5,Deadlift,Posterior,2,front_squat,Front Squat,squat,quads,"barbell,rack",secondary_compound,3,5,8,2,180,false,
forge_powerbuilding_intermediate_5d_v1,5,Deadlift,Posterior,3,hip_thrust,Barbell Hip Thrust,hinge,glutes,"barbell,bench",secondary_compound,3,8,12,2,150,false,
forge_powerbuilding_intermediate_5d_v1,5,Deadlift,Posterior,4,leg_curl,Leg Curl,knee_flexion,hamstrings,machine,isolation,4,10,15,1,90,false,
forge_powerbuilding_intermediate_5d_v1,5,Deadlift,Posterior,5,ab_wheel,Ab Wheel Rollout,anti_extension,core,ab_wheel,core,3,6,12,2,75,false,
forge_strength_advanced_4d_v1,1,Squat + Bench,Competition Focus,1,back_squat,Back Squat,squat,quads,"barbell,rack",main_lift,5,2,5,1,300,true,Top set + back-off
forge_strength_advanced_4d_v1,1,Squat + Bench,Competition Focus,2,bench_press,Barbell Bench Press,horizontal_push,"chest,triceps,front_delts","barbell,bench,rack",main_lift,5,2,5,1,240,true,Top set + back-off
forge_strength_advanced_4d_v1,1,Squat + Bench,Competition Focus,3,barbell_row,Barbell Row,horizontal_pull,"upper_back,lats,biceps",barbell,secondary_compound,4,5,8,2,150,false,
forge_strength_advanced_4d_v1,1,Squat + Bench,Competition Focus,4,leg_curl,Leg Curl,knee_flexion,hamstrings,machine,isolation,3,8,12,2,90,false,
forge_strength_advanced_4d_v1,1,Squat + Bench,Competition Focus,5,ab_wheel,Ab Wheel Rollout,anti_extension,core,ab_wheel,core,3,6,10,2,75,false,
forge_strength_advanced_4d_v1,2,Deadlift + Press,Heavy Hinge,1,conventional_deadlift,Conventional Deadlift,hinge,"glutes,hamstrings,back",barbell,main_lift,4,2,4,1,300,true,
forge_strength_advanced_4d_v1,2,Deadlift + Press,Heavy Hinge,2,overhead_press,Barbell Overhead Press,vertical_push,"front_delts,triceps","barbell,rack",main_lift,4,3,6,2,210,true,
forge_strength_advanced_4d_v1,2,Deadlift + Press,Heavy Hinge,3,front_squat,Front Squat,squat,quads,"barbell,rack",secondary_compound,3,4,6,3,180,false,
forge_strength_advanced_4d_v1,2,Deadlift + Press,Heavy Hinge,4,pull_up,Pull-Up,vertical_pull,"lats,biceps",pullup_bar,secondary_compound,4,5,8,2,150,false,
forge_strength_advanced_4d_v1,2,Deadlift + Press,Heavy Hinge,5,face_pull,Face Pull,horizontal_abduction,"rear_delts,upper_back",cable,isolation,3,12,18,2,75,false,
forge_strength_advanced_4d_v1,3,Bench Volume,Bench Volume,1,paused_bench_press,Paused Bench Press,horizontal_push,"chest,triceps,front_delts","barbell,bench,rack",main_lift,5,4,6,2,210,true,
forge_strength_advanced_4d_v1,3,Bench Volume,Bench Volume,2,chest_supported_row,Chest-Supported Row,horizontal_pull,"upper_back,lats,biceps",machine_or_dumbbell,secondary_compound,4,6,10,2,120,false,
forge_strength_advanced_4d_v1,3,Bench Volume,Bench Volume,3,close_grip_bench,Close-Grip Bench Press,horizontal_push,"triceps,chest","barbell,bench,rack",secondary_compound,3,6,8,2,150,false,
forge_strength_advanced_4d_v1,3,Bench Volume,Bench Volume,4,lat_pulldown,Lat Pulldown,vertical_pull,"lats,biceps",cable,secondary_compound,3,8,12,2,120,false,
forge_strength_advanced_4d_v1,3,Bench Volume,Bench Volume,5,lateral_raise,Dumbbell Lateral Raise,shoulder_abduction,side_delts,dumbbell,isolation,3,12,18,2,75,false,
forge_strength_advanced_4d_v1,4,Lower Volume,Squat/Hinge Volume,1,back_squat,Back Squat,squat,quads,"barbell,rack",main_lift,4,4,6,2,210,true,
forge_strength_advanced_4d_v1,4,Lower Volume,Squat/Hinge Volume,2,romanian_deadlift,Romanian Deadlift,hinge,"hamstrings,glutes",barbell,secondary_compound,4,5,8,2,180,false,
forge_strength_advanced_4d_v1,4,Lower Volume,Squat/Hinge Volume,3,bulgarian_split_squat,Bulgarian Split Squat,lunge,"quads,glutes","dumbbell,bench",accessory_compound,3,8,10,2,120,false,
forge_strength_advanced_4d_v1,4,Lower Volume,Squat/Hinge Volume,4,leg_curl,Leg Curl,knee_flexion,hamstrings,machine,isolation,3,10,15,2,90,false,
forge_strength_advanced_4d_v1,4,Lower Volume,Squat/Hinge Volume,5,standing_calf_raise,Standing Calf Raise,calf_raise,calves,machine,isolation,4,8,12,2,75,false,
forge_strength_fullbody_beginner_3d_v1,1,Full Body A,Squat + Bench,1,back_squat,Back Squat,squat,quads,"barbell,rack",main_lift,3,5,5,3,180,true,
forge_strength_fullbody_beginner_3d_v1,1,Full Body A,Squat + Bench,2,bench_press,Barbell Bench Press,horizontal_push,"chest,triceps,front_delts","barbell,bench,rack",main_lift,3,5,5,3,180,true,
forge_strength_fullbody_beginner_3d_v1,1,Full Body A,Squat + Bench,3,lat_pulldown,Lat Pulldown,vertical_pull,"lats,biceps",cable,secondary_compound,3,8,10,2,120,false,
forge_strength_fullbody_beginner_3d_v1,1,Full Body A,Squat + Bench,4,romanian_deadlift,Romanian Deadlift,hinge,"hamstrings,glutes",barbell,secondary_compound,2,8,10,3,150,false,
forge_strength_fullbody_beginner_3d_v1,1,Full Body A,Squat + Bench,5,lateral_raise,Dumbbell Lateral Raise,shoulder_abduction,side_delts,dumbbell,isolation,2,12,18,2,75,false,
forge_strength_fullbody_beginner_3d_v1,1,Full Body A,Squat + Bench,6,dead_bug,Dead Bug,anti_extension,core,bodyweight,core,3,8,12,3,60,false,
forge_strength_fullbody_beginner_3d_v1,2,Full Body B,Hinge + Press,1,conventional_deadlift,Conventional Deadlift,hinge,"glutes,hamstrings,back",barbell,main_lift,2,3,5,3,240,true,
forge_strength_fullbody_beginner_3d_v1,2,Full Body B,Hinge + Press,2,overhead_press,Barbell Overhead Press,vertical_push,"front_delts,triceps","barbell,rack",main_lift,3,5,6,3,180,true,
forge_strength_fullbody_beginner_3d_v1,2,Full Body B,Hinge + Press,3,goblet_squat,Goblet Squat,squat,quads,dumbbell,secondary_compound,3,8,10,3,120,false,
forge_strength_fullbody_beginner_3d_v1,2,Full Body B,Hinge + Press,4,seated_cable_row,Seated Cable Row,horizontal_pull,"upper_back,lats,biceps",cable,secondary_compound,3,8,12,2,120,false,
forge_strength_fullbody_beginner_3d_v1,2,Full Body B,Hinge + Press,5,leg_curl,Leg Curl,knee_flexion,hamstrings,machine,isolation,2,10,15,2,90,false,
forge_strength_fullbody_beginner_3d_v1,2,Full Body B,Hinge + Press,6,plank,Plank,anti_extension,core,bodyweight,core,3,30,45,3,60,false,reps_min/reps_max saniye
forge_strength_fullbody_beginner_3d_v1,3,Full Body C,Squat + Bench Varyasyonu,1,back_squat,Back Squat,squat,quads,"barbell,rack",main_lift,3,5,5,3,180,true,
forge_strength_fullbody_beginner_3d_v1,3,Full Body C,Squat + Bench Varyasyonu,2,paused_bench_press,Paused Bench Press,horizontal_push,"chest,triceps,front_delts","barbell,bench,rack",main_lift,3,4,6,3,180,true,
forge_strength_fullbody_beginner_3d_v1,3,Full Body C,Squat + Bench Varyasyonu,3,chest_supported_row,Chest-Supported Row,horizontal_pull,"upper_back,lats,biceps",machine_or_dumbbell,secondary_compound,3,8,12,2,120,false,
forge_strength_fullbody_beginner_3d_v1,3,Full Body C,Squat + Bench Varyasyonu,4,bulgarian_split_squat,Bulgarian Split Squat,lunge,"quads,glutes","dumbbell,bench",accessory_compound,2,8,10,2,120,false,
forge_strength_fullbody_beginner_3d_v1,3,Full Body C,Squat + Bench Varyasyonu,5,leg_curl,Leg Curl,knee_flexion,hamstrings,machine,isolation,2,10,15,2,75,false,Replaced triceps isolation to restore posterior-chain exposure on full-body day.
forge_strength_fullbody_beginner_3d_v1,3,Full Body C,Squat + Bench Varyasyonu,6,hammer_curl,Hammer Curl,elbow_flexion,"biceps,forearms",dumbbell,isolation,2,10,15,2,75,false,
forge_strength_fullbody_intermediate_3d_v1,1,Heavy,Ağır Squat + Bench,1,back_squat,Back Squat,squat,quads,"barbell,rack",main_lift,4,3,4,2,240,true,
forge_strength_fullbody_intermediate_3d_v1,1,Heavy,Ağır Squat + Bench,2,bench_press,Barbell Bench Press,horizontal_push,"chest,triceps,front_delts","barbell,bench,rack",main_lift,4,3,5,2,210,true,
forge_strength_fullbody_intermediate_3d_v1,1,Heavy,Ağır Squat + Bench,3,barbell_row,Barbell Row,horizontal_pull,"upper_back,lats,biceps",barbell,secondary_compound,4,5,8,2,150,false,
forge_strength_fullbody_intermediate_3d_v1,1,Heavy,Ağır Squat + Bench,4,leg_curl,Leg Curl,knee_flexion,hamstrings,machine,isolation,3,8,12,2,90,false,
forge_strength_fullbody_intermediate_3d_v1,1,Heavy,Ağır Squat + Bench,5,ab_wheel,Ab Wheel Rollout,anti_extension,core,ab_wheel,core,3,6,10,2,75,false,
forge_strength_fullbody_intermediate_3d_v1,2,Medium,Deadlift + OHP,1,conventional_deadlift,Conventional Deadlift,hinge,"glutes,hamstrings,back",barbell,main_lift,3,3,4,2,240,true,
forge_strength_fullbody_intermediate_3d_v1,2,Medium,Deadlift + OHP,2,overhead_press,Barbell Overhead Press,vertical_push,"front_delts,triceps","barbell,rack",main_lift,4,4,6,2,180,true,
forge_strength_fullbody_intermediate_3d_v1,2,Medium,Deadlift + OHP,3,front_squat,Front Squat,squat,quads,"barbell,rack",secondary_compound,3,5,7,3,180,false,
forge_strength_fullbody_intermediate_3d_v1,2,Medium,Deadlift + OHP,4,pull_up,Pull-Up,vertical_pull,"lats,biceps",pullup_bar,secondary_compound,4,5,8,2,150,false,
forge_strength_fullbody_intermediate_3d_v1,2,Medium,Deadlift + OHP,5,face_pull,Face Pull,horizontal_abduction,"rear_delts,upper_back",cable,isolation,3,12,18,2,75,false,
forge_strength_fullbody_intermediate_3d_v1,3,Volume/Technique,Teknik ve Hacim,1,paused_bench_press,Paused Bench Press,horizontal_push,"chest,triceps,front_delts","barbell,bench,rack",main_lift,4,5,6,3,180,true,
forge_strength_fullbody_intermediate_3d_v1,3,Volume/Technique,Teknik ve Hacim,2,back_squat,Back Squat,squat,quads,"barbell,rack",main_lift,3,5,6,3,180,true,
forge_strength_fullbody_intermediate_3d_v1,3,Volume/Technique,Teknik ve Hacim,3,romanian_deadlift,Romanian Deadlift,hinge,"hamstrings,glutes",barbell,secondary_compound,3,6,8,3,180,false,
forge_strength_fullbody_intermediate_3d_v1,3,Volume/Technique,Teknik ve Hacim,4,chest_supported_row,Chest-Supported Row,horizontal_pull,"upper_back,lats,biceps",machine_or_dumbbell,secondary_compound,3,8,10,2,120,false,
forge_strength_fullbody_intermediate_3d_v1,3,Volume/Technique,Teknik ve Hacim,5,triceps_pushdown,Triceps Pushdown,elbow_extension,triceps,cable,isolation,2,10,15,2,75,false,
forge_strength_fullbody_intermediate_3d_v1,3,Volume/Technique,Teknik ve Hacim,6,hammer_curl,Hammer Curl,elbow_flexion,"biceps,forearms",dumbbell,isolation,2,10,15,2,75,false,
forge_strength_intermediate_5d_v1,1,Squat Heavy,Ağır Squat,1,back_squat,Back Squat,squat,quads,"barbell,rack",main_lift,5,2,4,2,240,true,
forge_strength_intermediate_5d_v1,1,Squat Heavy,Ağır Squat,2,romanian_deadlift,Romanian Deadlift,hinge,"hamstrings,glutes",barbell,secondary_compound,3,6,8,3,180,false,
forge_strength_intermediate_5d_v1,1,Squat Heavy,Ağır Squat,3,leg_press,Leg Press,squat,quads,machine,secondary_compound,3,8,10,2,120,false,
forge_strength_intermediate_5d_v1,1,Squat Heavy,Ağır Squat,4,ab_wheel,Ab Wheel Rollout,anti_extension,core,ab_wheel,core,3,6,10,2,75,false,
forge_strength_intermediate_5d_v1,2,Bench Heavy,Ağır Bench,1,bench_press,Barbell Bench Press,horizontal_push,"chest,triceps,front_delts","barbell,bench,rack",main_lift,5,2,4,2,240,true,
forge_strength_intermediate_5d_v1,2,Bench Heavy,Ağır Bench,2,barbell_row,Barbell Row,horizontal_pull,"upper_back,lats,biceps",barbell,secondary_compound,4,5,8,2,150,false,
forge_strength_intermediate_5d_v1,2,Bench Heavy,Ağır Bench,3,close_grip_bench,Close-Grip Bench Press,horizontal_push,"triceps,chest","barbell,bench,rack",secondary_compound,3,6,8,3,150,false,
forge_strength_intermediate_5d_v1,2,Bench Heavy,Ağır Bench,4,face_pull,Face Pull,horizontal_abduction,"rear_delts,upper_back",cable,isolation,3,12,18,2,75,false,
forge_strength_intermediate_5d_v1,3,Deadlift,Deadlift,1,conventional_deadlift,Conventional Deadlift,hinge,"glutes,hamstrings,back",barbell,main_lift,4,2,4,2,240,true,
forge_strength_intermediate_5d_v1,3,Deadlift,Deadlift,2,front_squat,Front Squat,squat,quads,"barbell,rack",secondary_compound,3,5,7,3,180,false,
forge_strength_intermediate_5d_v1,3,Deadlift,Deadlift,3,lat_pulldown,Lat Pulldown,vertical_pull,"lats,biceps",cable,secondary_compound,3,8,10,2,120,false,
forge_strength_intermediate_5d_v1,3,Deadlift,Deadlift,4,leg_curl,Leg Curl,knee_flexion,hamstrings,machine,isolation,3,8,12,2,90,false,
forge_strength_intermediate_5d_v1,4,Press,OHP + Üst Gövde,1,overhead_press,Barbell Overhead Press,vertical_push,"front_delts,triceps","barbell,rack",main_lift,4,3,5,2,210,true,
forge_strength_intermediate_5d_v1,4,Press,OHP + Üst Gövde,2,paused_bench_press,Paused Bench Press,horizontal_push,"chest,triceps,front_delts","barbell,bench,rack",main_lift,3,5,6,3,180,false,
forge_strength_intermediate_5d_v1,4,Press,OHP + Üst Gövde,3,chest_supported_row,Chest-Supported Row,horizontal_pull,"upper_back,lats,biceps",machine_or_dumbbell,secondary_compound,4,6,10,2,120,false,
forge_strength_intermediate_5d_v1,4,Press,OHP + Üst Gövde,4,lateral_raise,Dumbbell Lateral Raise,shoulder_abduction,side_delts,dumbbell,isolation,3,12,18,2,75,false,
forge_strength_intermediate_5d_v1,5,Technique,Teknik Hacim,1,back_squat,Back Squat,squat,quads,"barbell,rack",main_lift,3,5,6,4,150,true,
forge_strength_intermediate_5d_v1,5,Technique,Teknik Hacim,2,bench_press,Barbell Bench Press,horizontal_push,"chest,triceps,front_delts","barbell,bench,rack",main_lift,3,5,6,4,150,true,
forge_strength_intermediate_5d_v1,5,Technique,Teknik Hacim,3,pull_up,Pull-Up,vertical_pull,"lats,biceps",pullup_bar,secondary_compound,3,5,8,2,150,false,
forge_strength_intermediate_5d_v1,5,Technique,Teknik Hacim,4,bulgarian_split_squat,Bulgarian Split Squat,lunge,"quads,glutes","dumbbell,bench",accessory_compound,2,8,10,2,120,false,
forge_strength_intermediate_5d_v1,5,Technique,Teknik Hacim,5,hammer_curl,Hammer Curl,elbow_flexion,"biceps,forearms",dumbbell,isolation,2,10,15,2,75,false,
forge_strength_upper_lower_beginner_4d_v1,1,Upper A,Bench Öncelikli,1,bench_press,Barbell Bench Press,horizontal_push,"chest,triceps,front_delts","barbell,bench,rack",main_lift,3,5,5,3,180,true,
forge_strength_upper_lower_beginner_4d_v1,1,Upper A,Bench Öncelikli,2,barbell_row,Barbell Row,horizontal_pull,"upper_back,lats,biceps",barbell,secondary_compound,3,6,8,3,150,false,
forge_strength_upper_lower_beginner_4d_v1,1,Upper A,Bench Öncelikli,3,overhead_press,Barbell Overhead Press,vertical_push,"front_delts,triceps","barbell,rack",main_lift,2,6,8,3,150,false,
forge_strength_upper_lower_beginner_4d_v1,1,Upper A,Bench Öncelikli,4,lat_pulldown,Lat Pulldown,vertical_pull,"lats,biceps",cable,secondary_compound,3,8,10,2,120,false,
forge_strength_upper_lower_beginner_4d_v1,1,Upper A,Bench Öncelikli,5,triceps_pushdown,Triceps Pushdown,elbow_extension,triceps,cable,isolation,2,10,15,2,75,false,
forge_strength_upper_lower_beginner_4d_v1,2,Lower A,Squat Öncelikli,1,back_squat,Back Squat,squat,quads,"barbell,rack",main_lift,3,5,5,3,180,true,
forge_strength_upper_lower_beginner_4d_v1,2,Lower A,Squat Öncelikli,2,romanian_deadlift,Romanian Deadlift,hinge,"hamstrings,glutes",barbell,secondary_compound,3,6,8,3,180,false,
forge_strength_upper_lower_beginner_4d_v1,2,Lower A,Squat Öncelikli,3,leg_press,Leg Press,squat,quads,machine,secondary_compound,2,8,12,2,120,false,
forge_strength_upper_lower_beginner_4d_v1,2,Lower A,Squat Öncelikli,4,leg_curl,Leg Curl,knee_flexion,hamstrings,machine,isolation,2,10,15,2,90,false,
forge_strength_upper_lower_beginner_4d_v1,2,Lower A,Squat Öncelikli,5,standing_calf_raise,Standing Calf Raise,calf_raise,calves,machine,isolation,3,8,12,2,75,false,
forge_strength_upper_lower_beginner_4d_v1,3,Upper B,Press + Çekiş,1,overhead_press,Barbell Overhead Press,vertical_push,"front_delts,triceps","barbell,rack",main_lift,3,5,5,3,180,true,
forge_strength_upper_lower_beginner_4d_v1,3,Upper B,Press + Çekiş,2,close_grip_bench,Close-Grip Bench Press,horizontal_push,"triceps,chest","barbell,bench,rack",secondary_compound,3,6,8,3,150,false,
forge_strength_upper_lower_beginner_4d_v1,3,Upper B,Press + Çekiş,3,chest_supported_row,Chest-Supported Row,horizontal_pull,"upper_back,lats,biceps",machine_or_dumbbell,secondary_compound,3,8,10,2,120,false,
forge_strength_upper_lower_beginner_4d_v1,3,Upper B,Press + Çekiş,4,pull_up,Pull-Up,vertical_pull,"lats,biceps",pullup_bar,secondary_compound,3,5,8,2,150,false,
forge_strength_upper_lower_beginner_4d_v1,3,Upper B,Press + Çekiş,5,lateral_raise,Dumbbell Lateral Raise,shoulder_abduction,side_delts,dumbbell,isolation,2,12,18,2,75,false,
forge_strength_upper_lower_beginner_4d_v1,4,Lower B,Deadlift Öncelikli,1,conventional_deadlift,Conventional Deadlift,hinge,"glutes,hamstrings,back",barbell,main_lift,2,3,5,3,240,true,
forge_strength_upper_lower_beginner_4d_v1,4,Lower B,Deadlift Öncelikli,2,front_squat,Front Squat,squat,quads,"barbell,rack",secondary_compound,3,5,7,3,180,false,
forge_strength_upper_lower_beginner_4d_v1,4,Lower B,Deadlift Öncelikli,3,bulgarian_split_squat,Bulgarian Split Squat,lunge,"quads,glutes","dumbbell,bench",accessory_compound,2,8,10,2,120,false,
forge_strength_upper_lower_beginner_4d_v1,4,Lower B,Deadlift Öncelikli,4,leg_curl,Leg Curl,knee_flexion,hamstrings,machine,isolation,2,10,15,2,90,false,
forge_strength_upper_lower_beginner_4d_v1,4,Lower B,Deadlift Öncelikli,5,plank,Plank,anti_extension,core,bodyweight,core,3,30,45,3,60,false,saniye
forge_strength_upper_lower_intermediate_4d_v1,1,Upper Strength A,Bench,1,bench_press,Barbell Bench Press,horizontal_push,"chest,triceps,front_delts","barbell,bench,rack",main_lift,4,3,6,2,210,true,"İlk set üst set, kalanlar back-off"
forge_strength_upper_lower_intermediate_4d_v1,1,Upper Strength A,Bench,2,barbell_row,Barbell Row,horizontal_pull,"upper_back,lats,biceps",barbell,secondary_compound,4,5,8,2,150,false,
forge_strength_upper_lower_intermediate_4d_v1,1,Upper Strength A,Bench,3,overhead_press,Barbell Overhead Press,vertical_push,"front_delts,triceps","barbell,rack",main_lift,3,5,7,3,150,false,
forge_strength_upper_lower_intermediate_4d_v1,1,Upper Strength A,Bench,4,lat_pulldown,Lat Pulldown,vertical_pull,"lats,biceps",cable,secondary_compound,3,8,10,2,120,false,
forge_strength_upper_lower_intermediate_4d_v1,1,Upper Strength A,Bench,5,triceps_pushdown,Triceps Pushdown,elbow_extension,triceps,cable,isolation,2,10,15,2,75,false,
forge_strength_upper_lower_intermediate_4d_v1,2,Lower Strength A,Squat,1,back_squat,Back Squat,squat,quads,"barbell,rack",main_lift,4,3,6,2,240,true,"İlk set üst set, kalanlar back-off"
forge_strength_upper_lower_intermediate_4d_v1,2,Lower Strength A,Squat,2,romanian_deadlift,Romanian Deadlift,hinge,"hamstrings,glutes",barbell,secondary_compound,3,5,8,3,180,false,
forge_strength_upper_lower_intermediate_4d_v1,2,Lower Strength A,Squat,3,leg_press,Leg Press,squat,quads,machine,secondary_compound,3,8,10,2,120,false,
forge_strength_upper_lower_intermediate_4d_v1,2,Lower Strength A,Squat,4,leg_curl,Leg Curl,knee_flexion,hamstrings,machine,isolation,3,8,12,2,90,false,
forge_strength_upper_lower_intermediate_4d_v1,2,Lower Strength A,Squat,5,standing_calf_raise,Standing Calf Raise,calf_raise,calves,machine,isolation,3,8,12,2,75,false,
forge_strength_upper_lower_intermediate_4d_v1,3,Upper Strength B,OHP + Bench Hacim,1,overhead_press,Barbell Overhead Press,vertical_push,"front_delts,triceps","barbell,rack",main_lift,4,3,6,2,210,true,
forge_strength_upper_lower_intermediate_4d_v1,3,Upper Strength B,OHP + Bench Hacim,2,paused_bench_press,Paused Bench Press,horizontal_push,"chest,triceps,front_delts","barbell,bench,rack",main_lift,3,5,7,3,180,false,
forge_strength_upper_lower_intermediate_4d_v1,3,Upper Strength B,OHP + Bench Hacim,3,chest_supported_row,Chest-Supported Row,horizontal_pull,"upper_back,lats,biceps",machine_or_dumbbell,secondary_compound,4,6,10,2,120,false,
forge_strength_upper_lower_intermediate_4d_v1,3,Upper Strength B,OHP + Bench Hacim,4,pull_up,Pull-Up,vertical_pull,"lats,biceps",pullup_bar,secondary_compound,3,5,8,2,150,false,
forge_strength_upper_lower_intermediate_4d_v1,3,Upper Strength B,OHP + Bench Hacim,5,lateral_raise,Dumbbell Lateral Raise,shoulder_abduction,side_delts,dumbbell,isolation,3,12,18,2,75,false,
forge_strength_upper_lower_intermediate_4d_v1,4,Lower Strength B,Deadlift,1,conventional_deadlift,Conventional Deadlift,hinge,"glutes,hamstrings,back",barbell,main_lift,3,2,5,2,240,true,
forge_strength_upper_lower_intermediate_4d_v1,4,Lower Strength B,Deadlift,2,front_squat,Front Squat,squat,quads,"barbell,rack",secondary_compound,3,4,7,3,180,false,
forge_strength_upper_lower_intermediate_4d_v1,4,Lower Strength B,Deadlift,3,bulgarian_split_squat,Bulgarian Split Squat,lunge,"quads,glutes","dumbbell,bench",accessory_compound,3,6,10,2,120,false,
forge_strength_upper_lower_intermediate_4d_v1,4,Lower Strength B,Deadlift,4,leg_curl,Leg Curl,knee_flexion,hamstrings,machine,isolation,3,10,15,2,90,false,
forge_strength_upper_lower_intermediate_4d_v1,4,Lower Strength B,Deadlift,5,pallof_press,Pallof Press,anti_rotation,core,cable_or_band,core,3,10,15,3,60,false,
